2025-04-30 00:32:21 - INFO - Jai Shree Ram \U0001f6a9
2025-04-30 00:32:21 - INFO - [31m[1mWARNING: This is a development server. Do not use it in a production deployment. Use a production WSGI server instead.[0m
 * Running on http://127.0.0.1:5000
2025-04-30 00:32:21 - INFO - [33mPress CTRL+C to quit[0m
2025-04-30 00:32:21 - INFO -  * Restarting with stat
2025-04-30 00:32:22 - INFO - Jai Shree Ram \U0001f6a9
2025-04-30 00:32:22 - WARNING -  * Debugger is active!
2025-04-30 00:32:22 - INFO -  * Debugger PIN: 888-818-679
2025-04-30 00:32:35 - INFO - 127.0.0.1 - - [30/Apr/2025 00:32:35] "[35m[1mGET / HTTP/1.1[0m" 500 -
2025-04-30 00:32:35 - INFO - 127.0.0.1 - - [30/Apr/2025 00:32:35] "GET /?__debugger__=yes&cmd=resource&f=style.css HTTP/1.1" 200 -
2025-04-30 00:32:35 - INFO - 127.0.0.1 - - [30/Apr/2025 00:32:35] "GET /?__debugger__=yes&cmd=resource&f=debugger.js HTTP/1.1" 200 -
2025-04-30 00:32:35 - INFO - 127.0.0.1 - - [30/Apr/2025 00:32:35] "GET /?__debugger__=yes&cmd=resource&f=console.png HTTP/1.1" 200 -
2025-04-30 00:32:36 - INFO - 127.0.0.1 - - [30/Apr/2025 00:32:36] "[36mGET /?__debugger__=yes&cmd=resource&f=console.png HTTP/1.1[0m" 304 -
2025-04-30 00:34:01 - INFO - Jai Shree Ram \U0001f6a9
2025-04-30 00:34:01 - INFO - [31m[1mWARNING: This is a development server. Do not use it in a production deployment. Use a production WSGI server instead.[0m
 * Running on http://127.0.0.1:5000
2025-04-30 00:34:01 - INFO - [33mPress CTRL+C to quit[0m
2025-04-30 00:34:01 - INFO -  * Restarting with stat
2025-04-30 00:34:01 - INFO - Jai Shree Ram \U0001f6a9
2025-04-30 00:34:01 - WARNING -  * Debugger is active!
2025-04-30 00:34:01 - INFO -  * Debugger PIN: 888-818-679
2025-04-30 00:34:08 - INFO - 127.0.0.1 - - [30/Apr/2025 00:34:08] "GET / HTTP/1.1" 200 -
2025-04-30 00:34:08 - INFO - 127.0.0.1 - - [30/Apr/2025 00:34:08] "[33mGET /favicon.ico HTTP/1.1[0m" 404 -
2025-04-30 00:37:20 - INFO - Jai Shree Ram \U0001f6a9
2025-04-30 00:37:20 - INFO - [31m[1mWARNING: This is a development server. Do not use it in a production deployment. Use a production WSGI server instead.[0m
 * Running on http://127.0.0.1:5000
2025-04-30 00:37:20 - INFO - [33mPress CTRL+C to quit[0m
2025-04-30 00:37:20 - INFO -  * Restarting with stat
2025-04-30 00:37:21 - INFO - Jai Shree Ram \U0001f6a9
2025-04-30 00:37:21 - WARNING -  * Debugger is active!
2025-04-30 00:37:21 - INFO -  * Debugger PIN: 888-818-679
2025-04-30 00:37:28 - INFO - 127.0.0.1 - - [30/Apr/2025 00:37:28] "GET / HTTP/1.1" 200 -
2025-04-30 00:50:03 - INFO - Processing FSN=RNCH2NFRGYDGMCFR
2025-04-30 00:50:07 - INFO - FSN entered
2025-04-30 00:50:16 - INFO - \u2705 All done! Report saved to uploads\latching_20250430_004924.csv
2025-04-30 00:50:19 - INFO - 127.0.0.1 - - [30/Apr/2025 00:50:19] "POST / HTTP/1.1" 200 -
2025-04-30 01:23:59 - INFO - Jai Shree Ram \U0001f6a9
2025-04-30 01:24:37 - INFO - Login successful.
2025-04-30 01:24:37 - INFO - Processing FSN=RNCH2NFRGYDGMCFR
2025-04-30 01:24:37 - INFO - FSN entered
2025-04-30 01:24:41 - ERROR - Error processing FSN RNCH2NFRGYDGMCFR: Could not find 'Start Selling' button
2025-04-30 01:24:51 - INFO - No popup appeared
2025-04-30 01:24:51 - INFO - \u2705 All done! Report saved at: reports\latching_20250430_012401.csv
2025-04-30 01:25:28 - INFO - Jai Shree Ram \U0001f6a9
2025-04-30 01:26:05 - INFO - Login successful.
2025-04-30 01:26:05 - INFO - Processing FSN=RNCH2NFRGYDGMCFR
2025-04-30 01:26:05 - INFO - FSN entered
2025-04-30 01:26:10 - INFO - Clicked Start Selling
2025-04-30 01:26:16 - WARNING - Failed sending keys: Message: element click intercepted: Element <input data-testid="test-input" class="styles__StyledInput-cql555-1 jAAnGv" type="text" name="sku_id" id="sku_id" step="any" placeholder="" value="" style="min-width: 200px; max-width: 200px;"> is not clickable at point (811, 133). Other element would receive the click: <button id="moe-dontallow_button" style="overflow: hidden; word-spacing: normal !important; letter-spacing: normal !important; width: 100px !important; height: 26px !important; font-size: 14px !important; cursor: pointer !important; line-height: 1.1em !important; border-radius: 4px !important; border: 1px solid rgba(0, 0, 0, 0.1) !important; display: inline-block !important; font-weight: 400 !important; margin: 0px 20px 0px 0px !important; padding: 5px !important; text-transform: none !important; box-sizing: border-box !important; text-shadow: none !important; box-shadow: none !important; white-space: nowrap !important; color: #000000; background: #ffffff;">...</button>
  (Session info: chrome=135.0.7049.116)
Stacktrace:
	GetHandleVerifier [0x00007FF7451EEFA5+77893]
	GetHandleVerifier [0x00007FF7451EF000+77984]
	(No symbol) [0x00007FF744FB91BA]
	(No symbol) [0x00007FF7450170A9]
	(No symbol) [0x00007FF745014A62]
	(No symbol) [0x00007FF745011B01]
	(No symbol) [0x00007FF745010A01]
	(No symbol) [0x00007FF745002134]
	(No symbol) [0x00007FF74503712A]
	(No symbol) [0x00007FF7450019E6]
	(No symbol) [0x00007FF745037340]
	(No symbol) [0x00007FF74505F07F]
	(No symbol) [0x00007FF745036F03]
	(No symbol) [0x00007FF745000328]
	(No symbol) [0x00007FF745001093]
	GetHandleVerifier [0x00007FF7454A7B6D+2931725]
	GetHandleVerifier [0x00007FF7454A2132+2908626]
	GetHandleVerifier [0x00007FF7454C00F3+3031443]
	GetHandleVerifier [0x00007FF7452091EA+184970]
	GetHandleVerifier [0x00007FF74521086F+215311]
	GetHandleVerifier [0x00007FF7451F6EC4+110436]
	GetHandleVerifier [0x00007FF7451F7072+110866]
	GetHandleVerifier [0x00007FF7451DD479+5401]
	BaseThreadInitThunk [0x00007FFAE57AE8D7+23]
	RtlUserThreadStart [0x00007FFAE59D14FC+44]

2025-04-30 01:26:17 - WARNING - Failed selecting dropdown: Message: element click intercepted: Element <select class="styles__StyledSelect-a872oe-0 kCbpt  " name="listing_status" id="listing_status" style="min-width: 200px; max-width: 200px;">...</select> is not clickable at point (811, 132). Other element would receive the click: <button id="moe-dontallow_button" style="overflow: hidden; word-spacing: normal !important; letter-spacing: normal !important; width: 100px !important; height: 26px !important; font-size: 14px !important; cursor: pointer !important; line-height: 1.1em !important; border-radius: 4px !important; border: 1px solid rgba(0, 0, 0, 0.1) !important; display: inline-block !important; font-weight: 400 !important; margin: 0px 20px 0px 0px !important; padding: 5px !important; text-transform: none !important; box-sizing: border-box !important; text-shadow: none !important; box-shadow: none !important; white-space: nowrap !important; color: #000000; background: #ffffff;">...</button>
  (Session info: chrome=135.0.7049.116)
Stacktrace:
	GetHandleVerifier [0x00007FF7451EEFA5+77893]
	GetHandleVerifier [0x00007FF7451EF000+77984]
	(No symbol) [0x00007FF744FB91BA]
	(No symbol) [0x00007FF7450170A9]
	(No symbol) [0x00007FF745014A62]
	(No symbol) [0x00007FF745011B01]
	(No symbol) [0x00007FF745010A01]
	(No symbol) [0x00007FF745002134]
	(No symbol) [0x00007FF74503712A]
	(No symbol) [0x00007FF7450019E6]
	(No symbol) [0x00007FF745037340]
	(No symbol) [0x00007FF74505F07F]
	(No symbol) [0x00007FF745036F03]
	(No symbol) [0x00007FF745000328]
	(No symbol) [0x00007FF745001093]
	GetHandleVerifier [0x00007FF7454A7B6D+2931725]
	GetHandleVerifier [0x00007FF7454A2132+2908626]
	GetHandleVerifier [0x00007FF7454C00F3+3031443]
	GetHandleVerifier [0x00007FF7452091EA+184970]
	GetHandleVerifier [0x00007FF74521086F+215311]
	GetHandleVerifier [0x00007FF7451F6EC4+110436]
	GetHandleVerifier [0x00007FF7451F7072+110866]
	GetHandleVerifier [0x00007FF7451DD479+5401]
	BaseThreadInitThunk [0x00007FFAE57AE8D7+23]
	RtlUserThreadStart [0x00007FFAE59D14FC+44]

2025-04-30 01:26:19 - WARNING - Failed sending keys: Message: element click intercepted: Element <input data-testid="test-input" class="styles__StyledInput-cql555-1 jAAnGv" type="number" name="mrp" id="mrp" step="any" placeholder="" value="" style="min-width: 200px; max-width: 200px;"> is not clickable at point (811, 133). Other element would receive the click: <button id="moe-dontallow_button" style="overflow: hidden; word-spacing: normal !important; letter-spacing: normal !important; width: 100px !important; height: 26px !important; font-size: 14px !important; cursor: pointer !important; line-height: 1.1em !important; border-radius: 4px !important; border: 1px solid rgba(0, 0, 0, 0.1) !important; display: inline-block !important; font-weight: 400 !important; margin: 0px 20px 0px 0px !important; padding: 5px !important; text-transform: none !important; box-sizing: border-box !important; text-shadow: none !important; box-shadow: none !important; white-space: nowrap !important; color: #000000; background: #ffffff;">...</button>
  (Session info: chrome=135.0.7049.116)
Stacktrace:
	GetHandleVerifier [0x00007FF7451EEFA5+77893]
	GetHandleVerifier [0x00007FF7451EF000+77984]
	(No symbol) [0x00007FF744FB91BA]
	(No symbol) [0x00007FF7450170A9]
	(No symbol) [0x00007FF745014A62]
	(No symbol) [0x00007FF745011B01]
	(No symbol) [0x00007FF745010A01]
	(No symbol) [0x00007FF745002134]
	(No symbol) [0x00007FF74503712A]
	(No symbol) [0x00007FF7450019E6]
	(No symbol) [0x00007FF745037340]
	(No symbol) [0x00007FF74505F07F]
	(No symbol) [0x00007FF745036F03]
	(No symbol) [0x00007FF745000328]
	(No symbol) [0x00007FF745001093]
	GetHandleVerifier [0x00007FF7454A7B6D+2931725]
	GetHandleVerifier [0x00007FF7454A2132+2908626]
	GetHandleVerifier [0x00007FF7454C00F3+3031443]
	GetHandleVerifier [0x00007FF7452091EA+184970]
	GetHandleVerifier [0x00007FF74521086F+215311]
	GetHandleVerifier [0x00007FF7451F6EC4+110436]
	GetHandleVerifier [0x00007FF7451F7072+110866]
	GetHandleVerifier [0x00007FF7451DD479+5401]
	BaseThreadInitThunk [0x00007FFAE57AE8D7+23]
	RtlUserThreadStart [0x00007FFAE59D14FC+44]

2025-04-30 01:26:21 - WARNING - Failed sending keys: Message: invalid element state
  (Session info: chrome=135.0.7049.116)
Stacktrace:
	GetHandleVerifier [0x00007FF7451EEFA5+77893]
	GetHandleVerifier [0x00007FF7451EF000+77984]
	(No symbol) [0x00007FF744FB8FEC]
	(No symbol) [0x00007FF7450045C5]
	(No symbol) [0x00007FF74503712A]
	(No symbol) [0x00007FF7450019E6]
	(No symbol) [0x00007FF745037340]
	(No symbol) [0x00007FF74505F07F]
	(No symbol) [0x00007FF745036F03]
	(No symbol) [0x00007FF745000328]
	(No symbol) [0x00007FF745001093]
	GetHandleVerifier [0x00007FF7454A7B6D+2931725]
	GetHandleVerifier [0x00007FF7454A2132+2908626]
	GetHandleVerifier [0x00007FF7454C00F3+3031443]
	GetHandleVerifier [0x00007FF7452091EA+184970]
	GetHandleVerifier [0x00007FF74521086F+215311]
	GetHandleVerifier [0x00007FF7451F6EC4+110436]
	GetHandleVerifier [0x00007FF7451F7072+110866]
	GetHandleVerifier [0x00007FF7451DD479+5401]
	BaseThreadInitThunk [0x00007FFAE57AE8D7+23]
	RtlUserThreadStart [0x00007FFAE59D14FC+44]

2025-04-30 01:26:24 - INFO - Selected 'SELLER' in dropdown
2025-04-30 01:26:28 - INFO - Selected 'EXPRESS' in dropdown
2025-04-30 01:26:34 - INFO - Selected 'FLIPKART' in dropdown
2025-04-30 01:26:42 - INFO - Selected 'GST_5' in dropdown
2025-04-30 01:26:46 - INFO - Selected 'INDIA' in dropdown
2025-04-30 01:26:48 - INFO - Submit clicked (Attempt 1)
2025-04-30 01:26:53 - WARNING - Submit button still present after attempt 1
2025-04-30 01:26:53 - INFO - Submit clicked (Attempt 2)
2025-04-30 01:26:58 - WARNING - Submit button still present after attempt 2
2025-04-30 01:26:59 - INFO - Submit clicked (Attempt 3)
2025-04-30 01:27:04 - WARNING - Submit button still present after attempt 3
2025-04-30 01:27:04 - INFO - Submit clicked (Attempt 4)
2025-04-30 01:27:09 - WARNING - Submit button still present after attempt 4
2025-04-30 01:27:09 - INFO - Submit clicked (Attempt 5)
2025-04-30 01:27:14 - WARNING - Submit button still present after attempt 5
2025-04-30 01:27:14 - ERROR - Submit failed after 5 attempts.
2025-04-30 01:27:19 - INFO - Popup closed successfully
2025-04-30 01:27:21 - INFO - \u2705 All done! Report saved at: reports\latching_20250430_012530.csv
2025-04-30 01:27:52 - INFO - Jai Shree Ram \U0001f6a9
2025-04-30 01:28:29 - INFO - Login successful.
2025-04-30 01:28:29 - INFO - Processing FSN=RNCH2NFRGYDGMCFR
2025-04-30 01:28:29 - INFO - FSN entered
2025-04-30 01:28:34 - INFO - Clicked Start Selling
2025-04-30 01:28:44 - INFO - Selected 'Active ' in dropdown
2025-04-30 01:28:46 - WARNING - Failed sending keys: Message: invalid element state
  (Session info: chrome=135.0.7049.116)
Stacktrace:
	GetHandleVerifier [0x00007FF7451EEFA5+77893]
	GetHandleVerifier [0x00007FF7451EF000+77984]
	(No symbol) [0x00007FF744FB8FEC]
	(No symbol) [0x00007FF7450045C5]
	(No symbol) [0x00007FF74503712A]
	(No symbol) [0x00007FF7450019E6]
	(No symbol) [0x00007FF745037340]
	(No symbol) [0x00007FF74505F07F]
	(No symbol) [0x00007FF745036F03]
	(No symbol) [0x00007FF745000328]
	(No symbol) [0x00007FF745001093]
	GetHandleVerifier [0x00007FF7454A7B6D+2931725]
	GetHandleVerifier [0x00007FF7454A2132+2908626]
	GetHandleVerifier [0x00007FF7454C00F3+3031443]
	GetHandleVerifier [0x00007FF7452091EA+184970]
	GetHandleVerifier [0x00007FF74521086F+215311]
	GetHandleVerifier [0x00007FF7451F6EC4+110436]
	GetHandleVerifier [0x00007FF7451F7072+110866]
	GetHandleVerifier [0x00007FF7451DD479+5401]
	BaseThreadInitThunk [0x00007FFAE57AE8D7+23]
	RtlUserThreadStart [0x00007FFAE59D14FC+44]

2025-04-30 01:28:50 - INFO - Selected 'SELLER' in dropdown
2025-04-30 01:28:54 - INFO - Selected 'EXPRESS' in dropdown
2025-04-30 01:28:59 - INFO - Selected 'FLIPKART' in dropdown
2025-04-30 01:29:08 - INFO - Selected 'GST_5' in dropdown
2025-04-30 01:29:12 - INFO - Selected 'INDIA' in dropdown
2025-04-30 01:29:14 - INFO - Submit clicked (Attempt 1)
2025-04-30 01:29:19 - INFO - Submit button disappeared after click.
2025-04-30 01:29:24 - INFO - Popup closed successfully
2025-04-30 01:29:26 - INFO - \u2705 All done! Report saved at: reports\latching_20250430_012753.csv
2025-04-30 10:57:02 - INFO - Jai Shree Ram \U0001f6a9
2025-04-30 10:57:40 - INFO - Login successful.
2025-04-30 10:57:40 - INFO - Processing FSN=BELH9AAABDZFA6EF
2025-04-30 10:57:40 - INFO - FSN entered
2025-04-30 10:57:44 - ERROR - Error processing FSN BELH9AAABDZFA6EF: Could not find 'Start Selling' button
2025-04-30 10:57:49 - INFO - Popup closed successfully
2025-04-30 10:57:51 - INFO - Processing FSN=BELH9AAAXBH9GMFF
2025-04-30 10:57:51 - INFO - FSN entered
2025-04-30 10:57:55 - ERROR - Error processing FSN BELH9AAAXBH9GMFF: Could not find 'Start Selling' button
2025-04-30 10:58:01 - INFO - Popup closed successfully
2025-04-30 10:58:03 - INFO - Processing FSN=BELH9AAABVKBNCMF
2025-04-30 10:58:03 - INFO - FSN entered
2025-04-30 10:58:07 - ERROR - Error processing FSN BELH9AAABVKBNCMF: Could not find 'Start Selling' button
2025-04-30 10:58:17 - INFO - No popup appeared
2025-04-30 10:58:17 - INFO - Processing FSN=BELH9AAAXKS9ZHBS
2025-04-30 10:58:18 - INFO - FSN entered
2025-04-30 10:58:22 - ERROR - Error processing FSN BELH9AAAXKS9ZHBS: Could not find 'Start Selling' button
2025-04-30 10:58:32 - INFO - No popup appeared
2025-04-30 10:58:32 - INFO - Processing FSN=BELH9AAAFXF2PNZE
2025-04-30 10:58:32 - INFO - FSN entered
2025-04-30 10:58:36 - ERROR - Error processing FSN BELH9AAAFXF2PNZE: Could not find 'Start Selling' button
2025-04-30 10:58:47 - INFO - No popup appeared
2025-04-30 10:58:47 - INFO - Processing FSN=BELH9AAAURFHCU7B
2025-04-30 10:58:47 - INFO - FSN entered
2025-04-30 10:58:51 - ERROR - Error processing FSN BELH9AAAURFHCU7B: Could not find 'Start Selling' button
2025-04-30 10:59:01 - INFO - No popup appeared
2025-04-30 10:59:01 - INFO - Processing FSN=BELH9AAAQJMFHNDZ
2025-04-30 10:59:01 - INFO - FSN entered
2025-04-30 10:59:06 - ERROR - Error processing FSN BELH9AAAQJMFHNDZ: Could not find 'Start Selling' button
2025-04-30 10:59:16 - INFO - No popup appeared
2025-04-30 10:59:16 - INFO - Processing FSN=BELH9AAAJHNAZAXM
2025-04-30 10:59:16 - INFO - FSN entered
2025-04-30 10:59:20 - ERROR - Error processing FSN BELH9AAAJHNAZAXM: Could not find 'Start Selling' button
2025-04-30 10:59:30 - INFO - No popup appeared
2025-04-30 10:59:30 - INFO - Processing FSN=BELH9AAAGPC5JBBQ
2025-04-30 10:59:31 - INFO - FSN entered
2025-04-30 10:59:35 - ERROR - Error processing FSN BELH9AAAGPC5JBBQ: Could not find 'Start Selling' button
2025-04-30 10:59:45 - INFO - No popup appeared
2025-04-30 10:59:45 - INFO - Processing FSN=BELH9AAADH37FZRJ
2025-04-30 10:59:45 - INFO - FSN entered
2025-04-30 10:59:49 - ERROR - Error processing FSN BELH9AAADH37FZRJ: Could not find 'Start Selling' button
2025-04-30 11:00:00 - INFO - No popup appeared
2025-04-30 11:00:00 - INFO - Processing FSN=BELH9AAAHZUMRNPQ
2025-04-30 11:00:00 - INFO - FSN entered
2025-04-30 11:00:04 - ERROR - Error processing FSN BELH9AAAHZUMRNPQ: Could not find 'Start Selling' button
2025-04-30 11:00:14 - INFO - No popup appeared
2025-04-30 11:00:14 - INFO - Processing FSN=BELH9AAAEWBZZHFQ
2025-04-30 11:00:15 - INFO - FSN entered
2025-04-30 11:00:19 - ERROR - Error processing FSN BELH9AAAEWBZZHFQ: Could not find 'Start Selling' button
2025-04-30 11:00:29 - INFO - No popup appeared
2025-04-30 11:00:29 - INFO - Processing FSN=BELH9AAAVVY2ZR8X
2025-04-30 11:00:29 - INFO - FSN entered
2025-04-30 11:00:34 - ERROR - Error processing FSN BELH9AAAVVY2ZR8X: Could not find 'Start Selling' button
2025-04-30 11:00:44 - INFO - No popup appeared
2025-04-30 11:00:44 - INFO - Processing FSN=BELH9AAARGVSC3JW
2025-04-30 11:00:44 - INFO - FSN entered
2025-04-30 11:00:48 - ERROR - Error processing FSN BELH9AAARGVSC3JW: Could not find 'Start Selling' button
2025-04-30 11:00:59 - INFO - No popup appeared
2025-04-30 11:00:59 - INFO - Processing FSN=BELH9AAA9ZQ2HYZC
2025-04-30 11:00:59 - INFO - FSN entered
2025-04-30 11:01:03 - ERROR - Error processing FSN BELH9AAA9ZQ2HYZC: Could not find 'Start Selling' button
2025-04-30 11:01:13 - INFO - No popup appeared
2025-04-30 11:01:13 - INFO - Processing FSN=BELH9AAAMHUWZC77
2025-04-30 11:01:14 - INFO - FSN entered
2025-04-30 11:01:18 - ERROR - Error processing FSN BELH9AAAMHUWZC77: Could not find 'Start Selling' button
2025-04-30 11:01:28 - INFO - No popup appeared
2025-04-30 11:01:28 - INFO - Processing FSN=BELH9AAABANYFPZG
2025-04-30 11:01:28 - INFO - FSN entered
2025-04-30 11:01:32 - ERROR - Error processing FSN BELH9AAABANYFPZG: Could not find 'Start Selling' button
2025-04-30 11:01:43 - INFO - No popup appeared
2025-04-30 11:01:43 - INFO - Processing FSN=BELH9AAAFEV9GFGW
2025-04-30 11:01:43 - INFO - FSN entered
2025-04-30 11:01:47 - ERROR - Error processing FSN BELH9AAAFEV9GFGW: Could not find 'Start Selling' button
2025-04-30 11:01:57 - INFO - No popup appeared
2025-04-30 11:01:57 - INFO - Processing FSN=BELH9AAAUHYHZSQU
2025-04-30 11:01:58 - INFO - FSN entered
2025-04-30 11:02:02 - ERROR - Error processing FSN BELH9AAAUHYHZSQU: Could not find 'Start Selling' button
2025-04-30 11:02:12 - INFO - No popup appeared
2025-04-30 11:02:12 - INFO - Processing FSN=BELH9AAAGPMMAN6Q
2025-04-30 11:02:12 - INFO - FSN entered
2025-04-30 11:02:16 - ERROR - Error processing FSN BELH9AAAGPMMAN6Q: Could not find 'Start Selling' button
2025-04-30 11:02:27 - INFO - No popup appeared
2025-04-30 11:02:27 - INFO - Processing FSN=BELH9AAAKH66XGJR
2025-04-30 11:02:27 - INFO - FSN entered
2025-04-30 11:02:31 - ERROR - Error processing FSN BELH9AAAKH66XGJR: Could not find 'Start Selling' button
2025-04-30 11:02:42 - INFO - No popup appeared
2025-04-30 11:02:42 - INFO - Processing FSN=BELH9AAAEZTCFA5Y
2025-04-30 11:02:42 - INFO - FSN entered
2025-04-30 11:02:46 - ERROR - Error processing FSN BELH9AAAEZTCFA5Y: Could not find 'Start Selling' button
2025-04-30 11:02:56 - INFO - No popup appeared
2025-04-30 11:02:56 - INFO - Processing FSN=BELH9AAA3X7FQ23U
2025-04-30 11:02:57 - INFO - FSN entered
2025-04-30 11:03:01 - ERROR - Error processing FSN BELH9AAA3X7FQ23U: Could not find 'Start Selling' button
2025-04-30 11:03:11 - INFO - No popup appeared
2025-04-30 11:03:11 - INFO - Processing FSN=BELH9AAAGX7V6PGT
2025-04-30 11:03:11 - INFO - FSN entered
2025-04-30 11:03:15 - ERROR - Error processing FSN BELH9AAAGX7V6PGT: Could not find 'Start Selling' button
2025-04-30 11:03:26 - INFO - No popup appeared
2025-04-30 11:03:26 - INFO - Processing FSN=BELH9AAAY5NCXDQG
2025-04-30 11:03:26 - INFO - FSN entered
2025-04-30 11:03:30 - ERROR - Error processing FSN BELH9AAAY5NCXDQG: Could not find 'Start Selling' button
2025-04-30 11:03:41 - INFO - No popup appeared
2025-04-30 11:03:41 - INFO - Processing FSN=BELH9AAADAG8YGZG
2025-04-30 11:03:41 - INFO - FSN entered
2025-04-30 11:03:45 - ERROR - Error processing FSN BELH9AAADAG8YGZG: Could not find 'Start Selling' button
2025-04-30 11:03:55 - INFO - No popup appeared
2025-04-30 11:03:55 - INFO - Processing FSN=BELH9AAACHYTGPBK
2025-04-30 11:03:56 - INFO - FSN entered
2025-04-30 11:04:00 - ERROR - Error processing FSN BELH9AAACHYTGPBK: Could not find 'Start Selling' button
2025-04-30 11:04:10 - INFO - No popup appeared
2025-04-30 11:04:10 - INFO - Processing FSN=BELH9AAAR7XSBXNV
2025-04-30 11:04:10 - INFO - FSN entered
2025-04-30 11:04:15 - ERROR - Error processing FSN BELH9AAAR7XSBXNV: Could not find 'Start Selling' button
2025-04-30 11:04:25 - INFO - No popup appeared
2025-04-30 11:04:25 - INFO - Processing FSN=BELH9AAAZZEFYZDF
2025-04-30 11:04:25 - INFO - FSN entered
2025-04-30 11:04:29 - ERROR - Error processing FSN BELH9AAAZZEFYZDF: Could not find 'Start Selling' button
2025-04-30 11:04:40 - INFO - No popup appeared
2025-04-30 11:04:40 - INFO - Processing FSN=BELH9AAAYA8FKVZG
2025-04-30 11:04:40 - INFO - FSN entered
2025-04-30 11:04:44 - ERROR - Error processing FSN BELH9AAAYA8FKVZG: Could not find 'Start Selling' button
2025-04-30 11:04:54 - INFO - No popup appeared
2025-04-30 11:04:54 - INFO - Processing FSN=BELH9AAAZUMYUGQQ
2025-04-30 11:04:55 - INFO - FSN entered
2025-04-30 11:04:59 - ERROR - Error processing FSN BELH9AAAZUMYUGQQ: Could not find 'Start Selling' button
2025-04-30 11:05:09 - INFO - No popup appeared
2025-04-30 11:05:09 - INFO - Processing FSN=BELH9AAA4REYHWBY
2025-04-30 11:05:09 - INFO - FSN entered
2025-04-30 11:05:14 - ERROR - Error processing FSN BELH9AAA4REYHWBY: Could not find 'Start Selling' button
2025-04-30 11:05:24 - INFO - No popup appeared
2025-04-30 11:05:24 - INFO - Processing FSN=BELH9AAAWWHHDYZW
2025-04-30 11:05:24 - INFO - FSN entered
2025-04-30 11:05:28 - ERROR - Error processing FSN BELH9AAAWWHHDYZW: Could not find 'Start Selling' button
2025-04-30 11:05:39 - INFO - No popup appeared
2025-04-30 11:05:39 - INFO - Processing FSN=BELH9AAAYZ86EPTB
2025-04-30 11:05:39 - INFO - FSN entered
2025-04-30 11:05:43 - ERROR - Error processing FSN BELH9AAAYZ86EPTB: Could not find 'Start Selling' button
2025-04-30 11:05:54 - INFO - No popup appeared
2025-04-30 11:05:54 - INFO - Processing FSN=BELH9AAAJUKKKG7T
2025-04-30 11:05:54 - INFO - FSN entered
2025-04-30 11:05:58 - ERROR - Error processing FSN BELH9AAAJUKKKG7T: Could not find 'Start Selling' button
2025-04-30 11:06:08 - INFO - No popup appeared
2025-04-30 11:06:08 - INFO - Processing FSN=BELH9AAAGVTTSZGB
2025-04-30 11:06:09 - INFO - FSN entered
2025-04-30 11:06:13 - ERROR - Error processing FSN BELH9AAAGVTTSZGB: Could not find 'Start Selling' button
2025-04-30 11:06:23 - INFO - No popup appeared
2025-04-30 11:06:23 - INFO - Processing FSN=BELH9AAA8MFBYPZP
2025-04-30 11:06:24 - INFO - FSN entered
2025-04-30 11:06:28 - ERROR - Error processing FSN BELH9AAA8MFBYPZP: Could not find 'Start Selling' button
2025-04-30 11:06:38 - INFO - No popup appeared
2025-04-30 11:06:38 - INFO - Processing FSN=BELH9AAABWHGMQAD
2025-04-30 11:06:38 - INFO - FSN entered
2025-04-30 11:06:42 - ERROR - Error processing FSN BELH9AAABWHGMQAD: Could not find 'Start Selling' button
2025-04-30 11:06:53 - INFO - No popup appeared
2025-04-30 11:06:53 - INFO - Processing FSN=BELH9AAA9MEEFM43
2025-04-30 11:06:53 - INFO - FSN entered
2025-04-30 11:06:57 - ERROR - Error processing FSN BELH9AAA9MEEFM43: Could not find 'Start Selling' button
2025-04-30 11:07:08 - INFO - No popup appeared
2025-04-30 11:07:08 - INFO - Processing FSN=BELH9AAAADBD5ERT
2025-04-30 11:07:08 - INFO - FSN entered
2025-04-30 11:07:12 - ERROR - Error processing FSN BELH9AAAADBD5ERT: Could not find 'Start Selling' button
2025-04-30 11:07:23 - INFO - No popup appeared
2025-04-30 11:07:23 - INFO - Processing FSN=BELH2WEMZHSW3XDZ
2025-04-30 11:07:23 - INFO - FSN entered
2025-04-30 11:07:27 - ERROR - Error processing FSN BELH2WEMZHSW3XDZ: Could not find 'Start Selling' button
2025-04-30 11:07:38 - INFO - No popup appeared
2025-04-30 11:07:38 - INFO - Processing FSN=BELH2WEMZPXWRVFB
2025-04-30 11:07:38 - INFO - FSN entered
2025-04-30 11:07:42 - ERROR - Error processing FSN BELH2WEMZPXWRVFB: Could not find 'Start Selling' button
2025-04-30 11:07:53 - INFO - No popup appeared
2025-04-30 11:07:53 - INFO - Processing FSN=BELH2WEMXUBNHAQE
2025-04-30 11:07:53 - INFO - FSN entered
2025-04-30 11:07:57 - ERROR - Error processing FSN BELH2WEMXUBNHAQE: Could not find 'Start Selling' button
2025-04-30 11:08:07 - INFO - No popup appeared
2025-04-30 11:08:07 - INFO - Processing FSN=BELH4XJXUTVJGYER
2025-04-30 11:08:08 - INFO - FSN entered
2025-04-30 11:08:12 - ERROR - Error processing FSN BELH4XJXUTVJGYER: Could not find 'Start Selling' button
2025-04-30 11:08:22 - INFO - No popup appeared
2025-04-30 11:08:22 - INFO - Processing FSN=BELH2WFJPF4UUVUR
2025-04-30 11:08:23 - INFO - FSN entered
2025-04-30 11:08:27 - ERROR - Error processing FSN BELH2WFJPF4UUVUR: Could not find 'Start Selling' button
2025-04-30 11:08:37 - INFO - No popup appeared
2025-04-30 11:08:37 - INFO - Processing FSN=BELH4XJXQPF6PVTR
2025-04-30 11:08:38 - INFO - FSN entered
2025-04-30 11:08:42 - ERROR - Error processing FSN BELH4XJXQPF6PVTR: Could not find 'Start Selling' button
2025-04-30 11:08:52 - INFO - No popup appeared
2025-04-30 11:08:52 - INFO - Processing FSN=BELH2WBG4UF3KZHX
2025-04-30 11:08:53 - INFO - FSN entered
2025-04-30 11:08:57 - ERROR - Error processing FSN BELH2WBG4UF3KZHX: Could not find 'Start Selling' button
2025-04-30 11:09:07 - INFO - No popup appeared
2025-04-30 11:09:07 - INFO - Processing FSN=BELH2WEMHD8EKM4P
2025-04-30 11:09:08 - INFO - FSN entered
2025-04-30 11:09:12 - ERROR - Error processing FSN BELH2WEMHD8EKM4P: Could not find 'Start Selling' button
2025-04-30 11:09:22 - INFO - No popup appeared
2025-04-30 11:09:22 - INFO - Processing FSN=BELH2WEMKFNQH86J
2025-04-30 11:09:23 - INFO - FSN entered
2025-04-30 11:09:27 - ERROR - Error processing FSN BELH2WEMKFNQH86J: Could not find 'Start Selling' button
2025-04-30 11:09:37 - INFO - No popup appeared
2025-04-30 11:09:37 - INFO - Processing FSN=BELH4XJXZVMDUC3U
2025-04-30 11:09:38 - INFO - FSN entered
2025-04-30 11:09:42 - ERROR - Error processing FSN BELH4XJXZVMDUC3U: Could not find 'Start Selling' button
2025-04-30 11:09:52 - INFO - No popup appeared
2025-04-30 11:09:52 - INFO - Processing FSN=BELH2WEMEQWGDM5J
2025-04-30 11:09:53 - INFO - FSN entered
2025-04-30 11:09:57 - ERROR - Error processing FSN BELH2WEMEQWGDM5J: Could not find 'Start Selling' button
2025-04-30 11:10:07 - INFO - No popup appeared
2025-04-30 11:10:07 - INFO - Processing FSN=BELH2WBGDAZ9C7XA
2025-04-30 11:10:08 - INFO - FSN entered
2025-04-30 11:10:12 - ERROR - Error processing FSN BELH2WBGDAZ9C7XA: Could not find 'Start Selling' button
2025-04-30 11:10:22 - INFO - No popup appeared
2025-04-30 11:10:22 - INFO - Processing FSN=BELH2WEMPHXJJCAE
2025-04-30 11:10:23 - INFO - FSN entered
2025-04-30 11:10:27 - ERROR - Error processing FSN BELH2WEMPHXJJCAE: Could not find 'Start Selling' button
2025-04-30 11:10:37 - INFO - No popup appeared
2025-04-30 11:10:37 - INFO - Processing FSN=BELH4XJXZSAJXZDT
2025-04-30 11:10:38 - INFO - FSN entered
2025-04-30 11:10:42 - ERROR - Error processing FSN BELH4XJXZSAJXZDT: Could not find 'Start Selling' button
2025-04-30 11:10:52 - INFO - No popup appeared
2025-04-30 11:10:52 - INFO - Processing FSN=BELH4XJXPFG7EPEW
2025-04-30 11:10:53 - INFO - FSN entered
2025-04-30 11:10:57 - ERROR - Error processing FSN BELH4XJXPFG7EPEW: Could not find 'Start Selling' button
2025-04-30 11:11:07 - INFO - No popup appeared
2025-04-30 11:11:07 - INFO - Processing FSN=BELH4XJXHQ77HGDM
2025-04-30 11:11:08 - INFO - FSN entered
2025-04-30 11:11:12 - ERROR - Error processing FSN BELH4XJXHQ77HGDM: Could not find 'Start Selling' button
2025-04-30 11:11:22 - INFO - No popup appeared
2025-04-30 11:11:22 - INFO - Processing FSN=BELH2WFJY6CBHG4B
2025-04-30 11:11:23 - INFO - FSN entered
2025-04-30 11:11:27 - ERROR - Error processing FSN BELH2WFJY6CBHG4B: Could not find 'Start Selling' button
2025-04-30 11:11:37 - INFO - No popup appeared
2025-04-30 11:11:37 - INFO - Processing FSN=BELH2WFJFRZBYHKD
2025-04-30 11:11:38 - INFO - FSN entered
2025-04-30 11:11:42 - ERROR - Error processing FSN BELH2WFJFRZBYHKD: Could not find 'Start Selling' button
2025-04-30 11:11:52 - INFO - No popup appeared
2025-04-30 11:11:52 - INFO - Processing FSN=BELH4XJXB2ZHFKH8
2025-04-30 11:11:53 - INFO - FSN entered
2025-04-30 11:11:57 - ERROR - Error processing FSN BELH4XJXB2ZHFKH8: Could not find 'Start Selling' button
2025-04-30 11:12:07 - INFO - No popup appeared
2025-04-30 11:12:07 - INFO - Processing FSN=BELH2WBGAY7KXGPC
2025-04-30 11:12:08 - INFO - FSN entered
2025-04-30 11:12:12 - ERROR - Error processing FSN BELH2WBGAY7KXGPC: Could not find 'Start Selling' button
2025-04-30 11:12:22 - INFO - No popup appeared
2025-04-30 11:12:22 - INFO - Processing FSN=BELH2WBGGNHCGSWB
2025-04-30 11:12:23 - INFO - FSN entered
2025-04-30 11:12:27 - ERROR - Error processing FSN BELH2WBGGNHCGSWB: Could not find 'Start Selling' button
2025-04-30 11:12:37 - INFO - No popup appeared
2025-04-30 11:12:37 - INFO - Processing FSN=BELH2WEMPQJCSYB8
2025-04-30 11:12:38 - INFO - FSN entered
2025-04-30 11:12:42 - ERROR - Error processing FSN BELH2WEMPQJCSYB8: Could not find 'Start Selling' button
2025-04-30 11:12:52 - INFO - No popup appeared
2025-04-30 11:12:52 - INFO - Processing FSN=BELH2WEMESHZXRET
2025-04-30 11:12:53 - INFO - FSN entered
2025-04-30 11:12:57 - ERROR - Error processing FSN BELH2WEMESHZXRET: Could not find 'Start Selling' button
2025-04-30 11:13:07 - INFO - No popup appeared
2025-04-30 11:13:07 - INFO - Processing FSN=BELH2WBGYMCZZFRZ
2025-04-30 11:13:08 - INFO - FSN entered
2025-04-30 11:13:12 - ERROR - Error processing FSN BELH2WBGYMCZZFRZ: Could not find 'Start Selling' button
2025-04-30 11:13:22 - INFO - No popup appeared
2025-04-30 11:13:22 - INFO - Processing FSN=BELH2WEMHBY9NDXT
2025-04-30 11:13:23 - INFO - FSN entered
2025-04-30 11:13:27 - ERROR - Error processing FSN BELH2WEMHBY9NDXT: Could not find 'Start Selling' button
2025-04-30 11:13:38 - INFO - No popup appeared
2025-04-30 11:13:38 - INFO - Processing FSN=BELH2WBGAMDY9PQG
2025-04-30 11:13:38 - INFO - FSN entered
2025-04-30 11:13:42 - ERROR - Error processing FSN BELH2WBGAMDY9PQG: Could not find 'Start Selling' button
2025-04-30 11:13:53 - INFO - No popup appeared
2025-04-30 11:13:53 - INFO - Processing FSN=BELH2WBGHAY2KJXK
2025-04-30 11:13:53 - INFO - FSN entered
2025-04-30 11:13:57 - ERROR - Error processing FSN BELH2WBGHAY2KJXK: Could not find 'Start Selling' button
2025-04-30 11:14:08 - INFO - No popup appeared
2025-04-30 11:14:08 - INFO - Processing FSN=BELH2WEMWRZJZJWY
2025-04-30 11:14:08 - INFO - FSN entered
2025-04-30 11:14:12 - ERROR - Error processing FSN BELH2WEMWRZJZJWY: Could not find 'Start Selling' button
2025-04-30 11:14:23 - INFO - No popup appeared
2025-04-30 11:14:23 - INFO - Processing FSN=BELH2WBGEKZBDG7Y
2025-04-30 11:14:23 - INFO - FSN entered
2025-04-30 11:14:27 - ERROR - Error processing FSN BELH2WBGEKZBDG7Y: Could not find 'Start Selling' button
2025-04-30 11:14:38 - INFO - No popup appeared
2025-04-30 11:14:38 - INFO - Processing FSN=BELH2WFJPGZP6XUA
2025-04-30 11:14:38 - INFO - FSN entered
2025-04-30 11:14:42 - ERROR - Error processing FSN BELH2WFJPGZP6XUA: Could not find 'Start Selling' button
2025-04-30 11:14:53 - INFO - No popup appeared
2025-04-30 11:14:53 - INFO - Processing FSN=BELH2WEMDD62HFFJ
2025-04-30 11:14:53 - INFO - FSN entered
2025-04-30 11:14:57 - ERROR - Error processing FSN BELH2WEMDD62HFFJ: Could not find 'Start Selling' button
2025-04-30 11:15:08 - INFO - No popup appeared
2025-04-30 11:15:08 - INFO - Processing FSN=BELH2WFJSTV4HXN9
2025-04-30 11:15:08 - INFO - FSN entered
2025-04-30 11:15:12 - ERROR - Error processing FSN BELH2WFJSTV4HXN9: Could not find 'Start Selling' button
2025-04-30 11:15:23 - INFO - No popup appeared
2025-04-30 11:15:23 - INFO - Processing FSN=BELH2WBG7Z7AW5R2
2025-04-30 11:15:23 - INFO - FSN entered
2025-04-30 11:15:28 - ERROR - Error processing FSN BELH2WBG7Z7AW5R2: Could not find 'Start Selling' button
2025-04-30 11:15:38 - INFO - No popup appeared
2025-04-30 11:15:38 - INFO - Processing FSN=BELH4XJXU7SCZENW
2025-04-30 11:15:38 - INFO - FSN entered
2025-04-30 11:15:42 - INFO - Clicked Start Selling
2025-04-30 11:15:53 - INFO - Selected 'ACTIVE' in dropdown
2025-04-30 11:15:56 - WARNING - Failed sending keys: Message: invalid element state
  (Session info: chrome=135.0.7049.116)
Stacktrace:
	GetHandleVerifier [0x00007FF7451EEFA5+77893]
	GetHandleVerifier [0x00007FF7451EF000+77984]
	(No symbol) [0x00007FF744FB8FEC]
	(No symbol) [0x00007FF7450045C5]
	(No symbol) [0x00007FF74503712A]
	(No symbol) [0x00007FF7450019E6]
	(No symbol) [0x00007FF745037340]
	(No symbol) [0x00007FF74505F07F]
	(No symbol) [0x00007FF745036F03]
	(No symbol) [0x00007FF745000328]
	(No symbol) [0x00007FF745001093]
	GetHandleVerifier [0x00007FF7454A7B6D+2931725]
	GetHandleVerifier [0x00007FF7454A2132+2908626]
	GetHandleVerifier [0x00007FF7454C00F3+3031443]
	GetHandleVerifier [0x00007FF7452091EA+184970]
	GetHandleVerifier [0x00007FF74521086F+215311]
	GetHandleVerifier [0x00007FF7451F6EC4+110436]
	GetHandleVerifier [0x00007FF7451F7072+110866]
	GetHandleVerifier [0x00007FF7451DD479+5401]
	BaseThreadInitThunk [0x00007FFAE57AE8D7+23]
	RtlUserThreadStart [0x00007FFAE59D14FC+44]

2025-04-30 11:16:00 - INFO - Selected 'SELLER' in dropdown
2025-04-30 11:16:04 - INFO - Selected 'EXPRESS' in dropdown
2025-04-30 11:16:09 - INFO - Selected 'FLIPKART' in dropdown
2025-04-30 11:16:18 - INFO - Selected 'GST_APPAREL' in dropdown
2025-04-30 11:16:22 - INFO - Selected 'INDIA' in dropdown
2025-04-30 11:16:24 - INFO - Submit clicked (Attempt 1)
2025-04-30 11:16:29 - INFO - Submit button disappeared after click.
2025-04-30 11:16:40 - INFO - No popup appeared
2025-04-30 11:16:40 - INFO - Processing FSN=BELH2WEMHTHWEHNP
2025-04-30 11:16:40 - INFO - FSN entered
2025-04-30 11:16:44 - INFO - Clicked Start Selling
2025-04-30 11:16:55 - INFO - Selected 'ACTIVE' in dropdown
2025-04-30 11:16:58 - WARNING - Failed sending keys: Message: invalid element state
  (Session info: chrome=135.0.7049.116)
Stacktrace:
	GetHandleVerifier [0x00007FF7451EEFA5+77893]
	GetHandleVerifier [0x00007FF7451EF000+77984]
	(No symbol) [0x00007FF744FB8FEC]
	(No symbol) [0x00007FF7450045C5]
	(No symbol) [0x00007FF74503712A]
	(No symbol) [0x00007FF7450019E6]
	(No symbol) [0x00007FF745037340]
	(No symbol) [0x00007FF74505F07F]
	(No symbol) [0x00007FF745036F03]
	(No symbol) [0x00007FF745000328]
	(No symbol) [0x00007FF745001093]
	GetHandleVerifier [0x00007FF7454A7B6D+2931725]
	GetHandleVerifier [0x00007FF7454A2132+2908626]
	GetHandleVerifier [0x00007FF7454C00F3+3031443]
	GetHandleVerifier [0x00007FF7452091EA+184970]
	GetHandleVerifier [0x00007FF74521086F+215311]
	GetHandleVerifier [0x00007FF7451F6EC4+110436]
	GetHandleVerifier [0x00007FF7451F7072+110866]
	GetHandleVerifier [0x00007FF7451DD479+5401]
	BaseThreadInitThunk [0x00007FFAE57AE8D7+23]
	RtlUserThreadStart [0x00007FFAE59D14FC+44]

2025-04-30 11:17:02 - INFO - Selected 'SELLER' in dropdown
2025-04-30 11:17:05 - INFO - Selected 'EXPRESS' in dropdown
2025-04-30 11:17:11 - INFO - Selected 'FLIPKART' in dropdown
2025-04-30 11:17:20 - INFO - Selected 'GST_APPAREL' in dropdown
2025-04-30 11:17:24 - INFO - Selected 'INDIA' in dropdown
2025-04-30 11:17:26 - INFO - Submit clicked (Attempt 1)
2025-04-30 11:17:31 - INFO - Submit button disappeared after click.
2025-04-30 11:17:42 - INFO - No popup appeared
2025-04-30 11:17:42 - INFO - Processing FSN=BELH4XJXMXMTHZR2
2025-04-30 11:17:42 - INFO - FSN entered
2025-04-30 11:17:46 - INFO - Clicked Start Selling
2025-04-30 11:17:57 - INFO - Selected 'ACTIVE' in dropdown
2025-04-30 11:18:00 - WARNING - Failed sending keys: Message: invalid element state
  (Session info: chrome=135.0.7049.116)
Stacktrace:
	GetHandleVerifier [0x00007FF7451EEFA5+77893]
	GetHandleVerifier [0x00007FF7451EF000+77984]
	(No symbol) [0x00007FF744FB8FEC]
	(No symbol) [0x00007FF7450045C5]
	(No symbol) [0x00007FF74503712A]
	(No symbol) [0x00007FF7450019E6]
	(No symbol) [0x00007FF745037340]
	(No symbol) [0x00007FF74505F07F]
	(No symbol) [0x00007FF745036F03]
	(No symbol) [0x00007FF745000328]
	(No symbol) [0x00007FF745001093]
	GetHandleVerifier [0x00007FF7454A7B6D+2931725]
	GetHandleVerifier [0x00007FF7454A2132+2908626]
	GetHandleVerifier [0x00007FF7454C00F3+3031443]
	GetHandleVerifier [0x00007FF7452091EA+184970]
	GetHandleVerifier [0x00007FF74521086F+215311]
	GetHandleVerifier [0x00007FF7451F6EC4+110436]
	GetHandleVerifier [0x00007FF7451F7072+110866]
	GetHandleVerifier [0x00007FF7451DD479+5401]
	BaseThreadInitThunk [0x00007FFAE57AE8D7+23]
	RtlUserThreadStart [0x00007FFAE59D14FC+44]

2025-04-30 11:18:03 - INFO - Selected 'SELLER' in dropdown
2025-04-30 11:18:07 - INFO - Selected 'EXPRESS' in dropdown
2025-04-30 11:18:13 - INFO - Selected 'FLIPKART' in dropdown
2025-04-30 11:18:22 - INFO - Selected 'GST_APPAREL' in dropdown
2025-04-30 11:18:26 - INFO - Selected 'INDIA' in dropdown
2025-04-30 11:18:28 - INFO - Submit clicked (Attempt 1)
2025-04-30 11:18:33 - INFO - Submit button disappeared after click.
2025-04-30 11:18:43 - INFO - No popup appeared
2025-04-30 11:18:43 - INFO - Processing FSN=BELH2WBGHEEZCD54
2025-04-30 11:18:44 - INFO - FSN entered
2025-04-30 11:18:48 - INFO - Clicked Start Selling
2025-04-30 11:18:59 - INFO - Selected 'ACTIVE' in dropdown
2025-04-30 11:19:02 - WARNING - Failed sending keys: Message: invalid element state
  (Session info: chrome=135.0.7049.116)
Stacktrace:
	GetHandleVerifier [0x00007FF7451EEFA5+77893]
	GetHandleVerifier [0x00007FF7451EF000+77984]
	(No symbol) [0x00007FF744FB8FEC]
	(No symbol) [0x00007FF7450045C5]
	(No symbol) [0x00007FF74503712A]
	(No symbol) [0x00007FF7450019E6]
	(No symbol) [0x00007FF745037340]
	(No symbol) [0x00007FF74505F07F]
	(No symbol) [0x00007FF745036F03]
	(No symbol) [0x00007FF745000328]
	(No symbol) [0x00007FF745001093]
	GetHandleVerifier [0x00007FF7454A7B6D+2931725]
	GetHandleVerifier [0x00007FF7454A2132+2908626]
	GetHandleVerifier [0x00007FF7454C00F3+3031443]
	GetHandleVerifier [0x00007FF7452091EA+184970]
	GetHandleVerifier [0x00007FF74521086F+215311]
	GetHandleVerifier [0x00007FF7451F6EC4+110436]
	GetHandleVerifier [0x00007FF7451F7072+110866]
	GetHandleVerifier [0x00007FF7451DD479+5401]
	BaseThreadInitThunk [0x00007FFAE57AE8D7+23]
	RtlUserThreadStart [0x00007FFAE59D14FC+44]

2025-04-30 11:19:05 - INFO - Selected 'SELLER' in dropdown
2025-04-30 11:19:09 - INFO - Selected 'EXPRESS' in dropdown
2025-04-30 11:19:15 - INFO - Selected 'FLIPKART' in dropdown
2025-04-30 11:19:23 - INFO - Selected 'GST_APPAREL' in dropdown
2025-04-30 11:19:27 - INFO - Selected 'INDIA' in dropdown
2025-04-30 11:19:30 - INFO - Submit clicked (Attempt 1)
2025-04-30 11:19:35 - INFO - Submit button disappeared after click.
2025-04-30 11:19:45 - INFO - No popup appeared
2025-04-30 11:19:45 - INFO - Processing FSN=BELH2WFJPUXZ5FGQ
2025-04-30 11:19:46 - INFO - FSN entered
2025-04-30 11:19:50 - INFO - Clicked Start Selling
2025-04-30 11:20:01 - INFO - Selected 'ACTIVE' in dropdown
2025-04-30 11:20:03 - WARNING - Failed sending keys: Message: invalid element state
  (Session info: chrome=135.0.7049.116)
Stacktrace:
	GetHandleVerifier [0x00007FF7451EEFA5+77893]
	GetHandleVerifier [0x00007FF7451EF000+77984]
	(No symbol) [0x00007FF744FB8FEC]
	(No symbol) [0x00007FF7450045C5]
	(No symbol) [0x00007FF74503712A]
	(No symbol) [0x00007FF7450019E6]
	(No symbol) [0x00007FF745037340]
	(No symbol) [0x00007FF74505F07F]
	(No symbol) [0x00007FF745036F03]
	(No symbol) [0x00007FF745000328]
	(No symbol) [0x00007FF745001093]
	GetHandleVerifier [0x00007FF7454A7B6D+2931725]
	GetHandleVerifier [0x00007FF7454A2132+2908626]
	GetHandleVerifier [0x00007FF7454C00F3+3031443]
	GetHandleVerifier [0x00007FF7452091EA+184970]
	GetHandleVerifier [0x00007FF74521086F+215311]
	GetHandleVerifier [0x00007FF7451F6EC4+110436]
	GetHandleVerifier [0x00007FF7451F7072+110866]
	GetHandleVerifier [0x00007FF7451DD479+5401]
	BaseThreadInitThunk [0x00007FFAE57AE8D7+23]
	RtlUserThreadStart [0x00007FFAE59D14FC+44]

2025-04-30 11:20:07 - INFO - Selected 'SELLER' in dropdown
2025-04-30 11:20:11 - INFO - Selected 'EXPRESS' in dropdown
2025-04-30 11:20:17 - INFO - Selected 'FLIPKART' in dropdown
2025-04-30 11:20:25 - INFO - Selected 'GST_APPAREL' in dropdown
2025-04-30 11:20:29 - INFO - Selected 'INDIA' in dropdown
2025-04-30 11:20:32 - INFO - Submit clicked (Attempt 1)
2025-04-30 11:20:37 - INFO - Submit button disappeared after click.
2025-04-30 11:20:47 - INFO - No popup appeared
2025-04-30 11:20:47 - INFO - Processing FSN=BELH2WBG8HJQPF2F
2025-04-30 11:20:47 - INFO - FSN entered
2025-04-30 11:20:52 - INFO - Clicked Start Selling
2025-04-30 11:21:03 - INFO - Selected 'ACTIVE' in dropdown
2025-04-30 11:21:05 - WARNING - Failed sending keys: Message: invalid element state
  (Session info: chrome=135.0.7049.116)
Stacktrace:
	GetHandleVerifier [0x00007FF7451EEFA5+77893]
	GetHandleVerifier [0x00007FF7451EF000+77984]
	(No symbol) [0x00007FF744FB8FEC]
	(No symbol) [0x00007FF7450045C5]
	(No symbol) [0x00007FF74503712A]
	(No symbol) [0x00007FF7450019E6]
	(No symbol) [0x00007FF745037340]
	(No symbol) [0x00007FF74505F07F]
	(No symbol) [0x00007FF745036F03]
	(No symbol) [0x00007FF745000328]
	(No symbol) [0x00007FF745001093]
	GetHandleVerifier [0x00007FF7454A7B6D+2931725]
	GetHandleVerifier [0x00007FF7454A2132+2908626]
	GetHandleVerifier [0x00007FF7454C00F3+3031443]
	GetHandleVerifier [0x00007FF7452091EA+184970]
	GetHandleVerifier [0x00007FF74521086F+215311]
	GetHandleVerifier [0x00007FF7451F6EC4+110436]
	GetHandleVerifier [0x00007FF7451F7072+110866]
	GetHandleVerifier [0x00007FF7451DD479+5401]
	BaseThreadInitThunk [0x00007FFAE57AE8D7+23]
	RtlUserThreadStart [0x00007FFAE59D14FC+44]

2025-04-30 11:21:09 - INFO - Selected 'SELLER' in dropdown
2025-04-30 11:21:13 - INFO - Selected 'EXPRESS' in dropdown
2025-04-30 11:21:19 - INFO - Selected 'FLIPKART' in dropdown
2025-04-30 11:21:28 - INFO - Selected 'GST_APPAREL' in dropdown
2025-04-30 11:21:32 - INFO - Selected 'INDIA' in dropdown
2025-04-30 11:21:34 - INFO - Submit clicked (Attempt 1)
2025-04-30 11:21:39 - INFO - Submit button disappeared after click.
2025-04-30 11:21:50 - INFO - No popup appeared
2025-04-30 11:21:50 - INFO - Processing FSN=BELH2WFJYDKHTHEG
2025-04-30 11:21:50 - INFO - FSN entered
2025-04-30 11:21:54 - INFO - Clicked Start Selling
2025-04-30 11:22:05 - INFO - Selected 'ACTIVE' in dropdown
2025-04-30 11:22:07 - WARNING - Failed sending keys: Message: invalid element state
  (Session info: chrome=135.0.7049.116)
Stacktrace:
	GetHandleVerifier [0x00007FF7451EEFA5+77893]
	GetHandleVerifier [0x00007FF7451EF000+77984]
	(No symbol) [0x00007FF744FB8FEC]
	(No symbol) [0x00007FF7450045C5]
	(No symbol) [0x00007FF74503712A]
	(No symbol) [0x00007FF7450019E6]
	(No symbol) [0x00007FF745037340]
	(No symbol) [0x00007FF74505F07F]
	(No symbol) [0x00007FF745036F03]
	(No symbol) [0x00007FF745000328]
	(No symbol) [0x00007FF745001093]
	GetHandleVerifier [0x00007FF7454A7B6D+2931725]
	GetHandleVerifier [0x00007FF7454A2132+2908626]
	GetHandleVerifier [0x00007FF7454C00F3+3031443]
	GetHandleVerifier [0x00007FF7452091EA+184970]
	GetHandleVerifier [0x00007FF74521086F+215311]
	GetHandleVerifier [0x00007FF7451F6EC4+110436]
	GetHandleVerifier [0x00007FF7451F7072+110866]
	GetHandleVerifier [0x00007FF7451DD479+5401]
	BaseThreadInitThunk [0x00007FFAE57AE8D7+23]
	RtlUserThreadStart [0x00007FFAE59D14FC+44]

2025-04-30 11:22:11 - INFO - Selected 'SELLER' in dropdown
2025-04-30 11:22:15 - INFO - Selected 'EXPRESS' in dropdown
2025-04-30 11:22:21 - INFO - Selected 'FLIPKART' in dropdown
2025-04-30 11:22:29 - INFO - Selected 'GST_APPAREL' in dropdown
2025-04-30 11:22:33 - INFO - Selected 'INDIA' in dropdown
2025-04-30 11:22:36 - INFO - Submit clicked (Attempt 1)
2025-04-30 11:22:41 - WARNING - Submit button still present after attempt 1
2025-04-30 11:22:41 - INFO - Submit clicked (Attempt 2)
2025-04-30 11:22:46 - WARNING - Submit button still present after attempt 2
2025-04-30 11:22:46 - INFO - Submit clicked (Attempt 3)
2025-04-30 11:22:51 - WARNING - Submit button still present after attempt 3
2025-04-30 11:22:51 - INFO - Submit clicked (Attempt 4)
2025-04-30 11:22:56 - WARNING - Submit button still present after attempt 4
2025-04-30 11:22:56 - INFO - Submit clicked (Attempt 5)
2025-04-30 11:23:01 - WARNING - Submit button still present after attempt 5
2025-04-30 11:23:01 - ERROR - Submit failed after 5 attempts.
2025-04-30 11:23:12 - INFO - No popup appeared
2025-04-30 11:23:12 - INFO - Processing FSN=BELH2WFJJBPRGXFE
2025-04-30 11:23:12 - INFO - FSN entered
2025-04-30 11:23:17 - INFO - Clicked Start Selling
2025-04-30 11:23:27 - INFO - Selected 'ACTIVE' in dropdown
2025-04-30 11:23:30 - WARNING - Failed sending keys: Message: invalid element state
  (Session info: chrome=135.0.7049.116)
Stacktrace:
	GetHandleVerifier [0x00007FF7451EEFA5+77893]
	GetHandleVerifier [0x00007FF7451EF000+77984]
	(No symbol) [0x00007FF744FB8FEC]
	(No symbol) [0x00007FF7450045C5]
	(No symbol) [0x00007FF74503712A]
	(No symbol) [0x00007FF7450019E6]
	(No symbol) [0x00007FF745037340]
	(No symbol) [0x00007FF74505F07F]
	(No symbol) [0x00007FF745036F03]
	(No symbol) [0x00007FF745000328]
	(No symbol) [0x00007FF745001093]
	GetHandleVerifier [0x00007FF7454A7B6D+2931725]
	GetHandleVerifier [0x00007FF7454A2132+2908626]
	GetHandleVerifier [0x00007FF7454C00F3+3031443]
	GetHandleVerifier [0x00007FF7452091EA+184970]
	GetHandleVerifier [0x00007FF74521086F+215311]
	GetHandleVerifier [0x00007FF7451F6EC4+110436]
	GetHandleVerifier [0x00007FF7451F7072+110866]
	GetHandleVerifier [0x00007FF7451DD479+5401]
	BaseThreadInitThunk [0x00007FFAE57AE8D7+23]
	RtlUserThreadStart [0x00007FFAE59D14FC+44]

2025-04-30 11:23:34 - INFO - Selected 'SELLER' in dropdown
2025-04-30 11:23:37 - INFO - Selected 'EXPRESS' in dropdown
2025-04-30 11:23:43 - INFO - Selected 'FLIPKART' in dropdown
2025-04-30 11:23:52 - INFO - Selected 'GST_APPAREL' in dropdown
2025-04-30 11:23:56 - INFO - Selected 'INDIA' in dropdown
2025-04-30 11:23:59 - INFO - Submit clicked (Attempt 1)
2025-04-30 11:24:04 - INFO - Submit button disappeared after click.
2025-04-30 11:24:14 - INFO - No popup appeared
2025-04-30 11:24:14 - INFO - Processing FSN=BELH2WFJKUM2FZB6
2025-04-30 11:24:14 - INFO - FSN entered
2025-04-30 11:24:18 - INFO - Clicked Start Selling
2025-04-30 11:24:29 - INFO - Selected 'ACTIVE' in dropdown
2025-04-30 11:24:31 - WARNING - Failed sending keys: Message: invalid element state
  (Session info: chrome=135.0.7049.116)
Stacktrace:
	GetHandleVerifier [0x00007FF7451EEFA5+77893]
	GetHandleVerifier [0x00007FF7451EF000+77984]
	(No symbol) [0x00007FF744FB8FEC]
	(No symbol) [0x00007FF7450045C5]
	(No symbol) [0x00007FF74503712A]
	(No symbol) [0x00007FF7450019E6]
	(No symbol) [0x00007FF745037340]
	(No symbol) [0x00007FF74505F07F]
	(No symbol) [0x00007FF745036F03]
	(No symbol) [0x00007FF745000328]
	(No symbol) [0x00007FF745001093]
	GetHandleVerifier [0x00007FF7454A7B6D+2931725]
	GetHandleVerifier [0x00007FF7454A2132+2908626]
	GetHandleVerifier [0x00007FF7454C00F3+3031443]
	GetHandleVerifier [0x00007FF7452091EA+184970]
	GetHandleVerifier [0x00007FF74521086F+215311]
	GetHandleVerifier [0x00007FF7451F6EC4+110436]
	GetHandleVerifier [0x00007FF7451F7072+110866]
	GetHandleVerifier [0x00007FF7451DD479+5401]
	BaseThreadInitThunk [0x00007FFAE57AE8D7+23]
	RtlUserThreadStart [0x00007FFAE59D14FC+44]

2025-04-30 11:24:35 - INFO - Selected 'SELLER' in dropdown
2025-04-30 11:24:38 - INFO - Selected 'EXPRESS' in dropdown
2025-04-30 11:24:44 - INFO - Selected 'FLIPKART' in dropdown
2025-04-30 11:24:52 - INFO - Selected 'GST_APPAREL' in dropdown
2025-04-30 11:24:56 - INFO - Selected 'INDIA' in dropdown
2025-04-30 11:24:58 - INFO - Submit clicked (Attempt 1)
2025-04-30 11:25:03 - INFO - Submit button disappeared after click.
2025-04-30 11:25:13 - INFO - No popup appeared
2025-04-30 11:25:13 - INFO - Processing FSN=BELH2WBGQ3CX98UF
2025-04-30 11:25:13 - INFO - FSN entered
2025-04-30 11:25:17 - INFO - Clicked Start Selling
2025-04-30 11:25:28 - INFO - Selected 'ACTIVE' in dropdown
2025-04-30 11:25:30 - WARNING - Failed sending keys: Message: invalid element state
  (Session info: chrome=135.0.7049.116)
Stacktrace:
	GetHandleVerifier [0x00007FF7451EEFA5+77893]
	GetHandleVerifier [0x00007FF7451EF000+77984]
	(No symbol) [0x00007FF744FB8FEC]
	(No symbol) [0x00007FF7450045C5]
	(No symbol) [0x00007FF74503712A]
	(No symbol) [0x00007FF7450019E6]
	(No symbol) [0x00007FF745037340]
	(No symbol) [0x00007FF74505F07F]
	(No symbol) [0x00007FF745036F03]
	(No symbol) [0x00007FF745000328]
	(No symbol) [0x00007FF745001093]
	GetHandleVerifier [0x00007FF7454A7B6D+2931725]
	GetHandleVerifier [0x00007FF7454A2132+2908626]
	GetHandleVerifier [0x00007FF7454C00F3+3031443]
	GetHandleVerifier [0x00007FF7452091EA+184970]
	GetHandleVerifier [0x00007FF74521086F+215311]
	GetHandleVerifier [0x00007FF7451F6EC4+110436]
	GetHandleVerifier [0x00007FF7451F7072+110866]
	GetHandleVerifier [0x00007FF7451DD479+5401]
	BaseThreadInitThunk [0x00007FFAE57AE8D7+23]
	RtlUserThreadStart [0x00007FFAE59D14FC+44]

2025-04-30 11:25:34 - INFO - Selected 'SELLER' in dropdown
2025-04-30 11:25:38 - INFO - Selected 'EXPRESS' in dropdown
2025-04-30 11:25:43 - INFO - Selected 'FLIPKART' in dropdown
2025-04-30 11:25:51 - INFO - Selected 'GST_APPAREL' in dropdown
2025-04-30 11:25:55 - INFO - Selected 'INDIA' in dropdown
2025-04-30 11:25:57 - INFO - Submit clicked (Attempt 1)
2025-04-30 11:26:02 - INFO - Submit button disappeared after click.
2025-04-30 11:26:12 - INFO - No popup appeared
2025-04-30 11:26:12 - INFO - Processing FSN=BELH2WEM4FUHEAQS
2025-04-30 11:26:12 - INFO - FSN entered
2025-04-30 11:26:17 - INFO - Clicked Start Selling
2025-04-30 11:26:27 - INFO - Selected 'ACTIVE' in dropdown
2025-04-30 11:26:29 - WARNING - Failed sending keys: Message: invalid element state
  (Session info: chrome=135.0.7049.116)
Stacktrace:
	GetHandleVerifier [0x00007FF7451EEFA5+77893]
	GetHandleVerifier [0x00007FF7451EF000+77984]
	(No symbol) [0x00007FF744FB8FEC]
	(No symbol) [0x00007FF7450045C5]
	(No symbol) [0x00007FF74503712A]
	(No symbol) [0x00007FF7450019E6]
	(No symbol) [0x00007FF745037340]
	(No symbol) [0x00007FF74505F07F]
	(No symbol) [0x00007FF745036F03]
	(No symbol) [0x00007FF745000328]
	(No symbol) [0x00007FF745001093]
	GetHandleVerifier [0x00007FF7454A7B6D+2931725]
	GetHandleVerifier [0x00007FF7454A2132+2908626]
	GetHandleVerifier [0x00007FF7454C00F3+3031443]
	GetHandleVerifier [0x00007FF7452091EA+184970]
	GetHandleVerifier [0x00007FF74521086F+215311]
	GetHandleVerifier [0x00007FF7451F6EC4+110436]
	GetHandleVerifier [0x00007FF7451F7072+110866]
	GetHandleVerifier [0x00007FF7451DD479+5401]
	BaseThreadInitThunk [0x00007FFAE57AE8D7+23]
	RtlUserThreadStart [0x00007FFAE59D14FC+44]

2025-04-30 11:26:33 - INFO - Selected 'SELLER' in dropdown
2025-04-30 11:26:37 - INFO - Selected 'EXPRESS' in dropdown
2025-04-30 11:26:42 - INFO - Selected 'FLIPKART' in dropdown
2025-04-30 11:26:50 - INFO - Selected 'GST_APPAREL' in dropdown
2025-04-30 11:26:54 - INFO - Selected 'INDIA' in dropdown
2025-04-30 11:26:56 - INFO - Submit clicked (Attempt 1)
2025-04-30 11:27:01 - INFO - Submit button disappeared after click.
2025-04-30 11:27:11 - INFO - No popup appeared
2025-04-30 11:27:11 - INFO - Processing FSN=BELH2WBGURTJT5ZZ
2025-04-30 11:27:12 - INFO - FSN entered
2025-04-30 11:27:16 - INFO - Clicked Start Selling
2025-04-30 11:27:27 - INFO - Selected 'ACTIVE' in dropdown
2025-04-30 11:27:30 - WARNING - Failed sending keys: Message: invalid element state
  (Session info: chrome=135.0.7049.116)
Stacktrace:
	GetHandleVerifier [0x00007FF7451EEFA5+77893]
	GetHandleVerifier [0x00007FF7451EF000+77984]
	(No symbol) [0x00007FF744FB8FEC]
	(No symbol) [0x00007FF7450045C5]
	(No symbol) [0x00007FF74503712A]
	(No symbol) [0x00007FF7450019E6]
	(No symbol) [0x00007FF745037340]
	(No symbol) [0x00007FF74505F07F]
	(No symbol) [0x00007FF745036F03]
	(No symbol) [0x00007FF745000328]
	(No symbol) [0x00007FF745001093]
	GetHandleVerifier [0x00007FF7454A7B6D+2931725]
	GetHandleVerifier [0x00007FF7454A2132+2908626]
	GetHandleVerifier [0x00007FF7454C00F3+3031443]
	GetHandleVerifier [0x00007FF7452091EA+184970]
	GetHandleVerifier [0x00007FF74521086F+215311]
	GetHandleVerifier [0x00007FF7451F6EC4+110436]
	GetHandleVerifier [0x00007FF7451F7072+110866]
	GetHandleVerifier [0x00007FF7451DD479+5401]
	BaseThreadInitThunk [0x00007FFAE57AE8D7+23]
	RtlUserThreadStart [0x00007FFAE59D14FC+44]

2025-04-30 11:27:34 - INFO - Selected 'SELLER' in dropdown
2025-04-30 11:27:38 - INFO - Selected 'EXPRESS' in dropdown
2025-04-30 11:27:43 - INFO - Selected 'FLIPKART' in dropdown
2025-04-30 11:27:53 - INFO - Selected 'GST_APPAREL' in dropdown
2025-04-30 11:27:57 - INFO - Selected 'INDIA' in dropdown
2025-04-30 11:27:59 - INFO - Submit clicked (Attempt 1)
2025-04-30 11:28:04 - INFO - Submit button disappeared after click.
2025-04-30 11:28:14 - INFO - No popup appeared
2025-04-30 11:28:14 - INFO - Processing FSN=BELH2WEMF9BXGP2T
2025-04-30 11:28:15 - INFO - FSN entered
2025-04-30 11:28:19 - INFO - Clicked Start Selling
2025-04-30 11:28:30 - INFO - Selected 'ACTIVE' in dropdown
2025-04-30 11:28:33 - WARNING - Failed sending keys: Message: invalid element state
  (Session info: chrome=135.0.7049.116)
Stacktrace:
	GetHandleVerifier [0x00007FF7451EEFA5+77893]
	GetHandleVerifier [0x00007FF7451EF000+77984]
	(No symbol) [0x00007FF744FB8FEC]
	(No symbol) [0x00007FF7450045C5]
	(No symbol) [0x00007FF74503712A]
	(No symbol) [0x00007FF7450019E6]
	(No symbol) [0x00007FF745037340]
	(No symbol) [0x00007FF74505F07F]
	(No symbol) [0x00007FF745036F03]
	(No symbol) [0x00007FF745000328]
	(No symbol) [0x00007FF745001093]
	GetHandleVerifier [0x00007FF7454A7B6D+2931725]
	GetHandleVerifier [0x00007FF7454A2132+2908626]
	GetHandleVerifier [0x00007FF7454C00F3+3031443]
	GetHandleVerifier [0x00007FF7452091EA+184970]
	GetHandleVerifier [0x00007FF74521086F+215311]
	GetHandleVerifier [0x00007FF7451F6EC4+110436]
	GetHandleVerifier [0x00007FF7451F7072+110866]
	GetHandleVerifier [0x00007FF7451DD479+5401]
	BaseThreadInitThunk [0x00007FFAE57AE8D7+23]
	RtlUserThreadStart [0x00007FFAE59D14FC+44]

2025-04-30 11:28:37 - INFO - Selected 'SELLER' in dropdown
2025-04-30 11:28:41 - INFO - Selected 'EXPRESS' in dropdown
2025-04-30 11:28:47 - INFO - Selected 'FLIPKART' in dropdown
2025-04-30 11:28:57 - INFO - Selected 'GST_APPAREL' in dropdown
2025-04-30 11:29:00 - INFO - Selected 'INDIA' in dropdown
2025-04-30 11:29:03 - INFO - Submit clicked (Attempt 1)
2025-04-30 11:29:08 - INFO - Submit button disappeared after click.
2025-04-30 11:29:18 - INFO - No popup appeared
2025-04-30 11:29:18 - INFO - Processing FSN=BELH2WBG4H352ZDP
2025-04-30 11:29:18 - INFO - FSN entered
2025-04-30 11:29:22 - INFO - Clicked Start Selling
2025-04-30 11:29:31 - WARNING - Failed selecting dropdown: Message: invalid session id: session deleted as the browser has closed the connection
from disconnected: not connected to DevTools
  (Session info: chrome=135.0.7049.116)
Stacktrace:
	GetHandleVerifier [0x00007FF7451EEFA5+77893]
	GetHandleVerifier [0x00007FF7451EF000+77984]
	(No symbol) [0x00007FF744FB91BA]
	(No symbol) [0x00007FF744FA4F15]
	(No symbol) [0x00007FF744FC9F04]
	(No symbol) [0x00007FF74503EACF]
	(No symbol) [0x00007FF74505E972]
	(No symbol) [0x00007FF745036F03]
	(No symbol) [0x00007FF745000328]
	(No symbol) [0x00007FF745001093]
	GetHandleVerifier [0x00007FF7454A7B6D+2931725]
	GetHandleVerifier [0x00007FF7454A2132+2908626]
	GetHandleVerifier [0x00007FF7454C00F3+3031443]
	GetHandleVerifier [0x00007FF7452091EA+184970]
	GetHandleVerifier [0x00007FF74521086F+215311]
	GetHandleVerifier [0x00007FF7451F6EC4+110436]
	GetHandleVerifier [0x00007FF7451F7072+110866]
	GetHandleVerifier [0x00007FF7451DD479+5401]
	BaseThreadInitThunk [0x00007FFAE57AE8D7+23]
	RtlUserThreadStart [0x00007FFAE59D14FC+44]

2025-04-30 11:30:57 - WARNING - Failed sending keys: Message: invalid session id
Stacktrace:
	GetHandleVerifier [0x00007FF7451EEFA5+77893]
	GetHandleVerifier [0x00007FF7451EF000+77984]
	(No symbol) [0x00007FF744FB8FEC]
	(No symbol) [0x00007FF744FFF44F]
	(No symbol) [0x00007FF745036FF2]
	(No symbol) [0x00007FF745031A02]
	(No symbol) [0x00007FF745030AC9]
	(No symbol) [0x00007FF744F85AB5]
	GetHandleVerifier [0x00007FF7454A7B6D+2931725]
	GetHandleVerifier [0x00007FF7454A2132+2908626]
	GetHandleVerifier [0x00007FF7454C00F3+3031443]
	GetHandleVerifier [0x00007FF7452091EA+184970]
	GetHandleVerifier [0x00007FF74521086F+215311]
	(No symbol) [0x00007FF744F84B2C]
	GetHandleVerifier [0x00007FF7455B2518+4023736]
	BaseThreadInitThunk [0x00007FFAE57AE8D7+23]
	RtlUserThreadStart [0x00007FFAE59D14FC+44]

2025-04-30 11:30:57 - WARNING - Failed sending keys: Message: invalid session id
Stacktrace:
	GetHandleVerifier [0x00007FF7451EEFA5+77893]
	GetHandleVerifier [0x00007FF7451EF000+77984]
	(No symbol) [0x00007FF744FB8FEC]
	(No symbol) [0x00007FF744FFF44F]
	(No symbol) [0x00007FF745036FF2]
	(No symbol) [0x00007FF745031A02]
	(No symbol) [0x00007FF745030AC9]
	(No symbol) [0x00007FF744F85AB5]
	GetHandleVerifier [0x00007FF7454A7B6D+2931725]
	GetHandleVerifier [0x00007FF7454A2132+2908626]
	GetHandleVerifier [0x00007FF7454C00F3+3031443]
	GetHandleVerifier [0x00007FF7452091EA+184970]
	GetHandleVerifier [0x00007FF74521086F+215311]
	(No symbol) [0x00007FF744F84B2C]
	GetHandleVerifier [0x00007FF7455B2518+4023736]
	BaseThreadInitThunk [0x00007FFAE57AE8D7+23]
	RtlUserThreadStart [0x00007FFAE59D14FC+44]

2025-04-30 11:30:58 - WARNING - Failed sending keys: Message: invalid session id
Stacktrace:
	GetHandleVerifier [0x00007FF7451EEFA5+77893]
	GetHandleVerifier [0x00007FF7451EF000+77984]
	(No symbol) [0x00007FF744FB8FEC]
	(No symbol) [0x00007FF744FFF44F]
	(No symbol) [0x00007FF745036FF2]
	(No symbol) [0x00007FF745031A02]
	(No symbol) [0x00007FF745030AC9]
	(No symbol) [0x00007FF744F85AB5]
	GetHandleVerifier [0x00007FF7454A7B6D+2931725]
	GetHandleVerifier [0x00007FF7454A2132+2908626]
	GetHandleVerifier [0x00007FF7454C00F3+3031443]
	GetHandleVerifier [0x00007FF7452091EA+184970]
	GetHandleVerifier [0x00007FF74521086F+215311]
	(No symbol) [0x00007FF744F84B2C]
	GetHandleVerifier [0x00007FF7455B2518+4023736]
	BaseThreadInitThunk [0x00007FFAE57AE8D7+23]
	RtlUserThreadStart [0x00007FFAE59D14FC+44]

2025-04-30 11:30:58 - WARNING - Failed selecting dropdown: Message: invalid session id
Stacktrace:
	GetHandleVerifier [0x00007FF7451EEFA5+77893]
	GetHandleVerifier [0x00007FF7451EF000+77984]
	(No symbol) [0x00007FF744FB8FEC]
	(No symbol) [0x00007FF744FFF44F]
	(No symbol) [0x00007FF745036FF2]
	(No symbol) [0x00007FF745031A02]
	(No symbol) [0x00007FF745030AC9]
	(No symbol) [0x00007FF744F85AB5]
	GetHandleVerifier [0x00007FF7454A7B6D+2931725]
	GetHandleVerifier [0x00007FF7454A2132+2908626]
	GetHandleVerifier [0x00007FF7454C00F3+3031443]
	GetHandleVerifier [0x00007FF7452091EA+184970]
	GetHandleVerifier [0x00007FF74521086F+215311]
	(No symbol) [0x00007FF744F84B2C]
	GetHandleVerifier [0x00007FF7455B2518+4023736]
	BaseThreadInitThunk [0x00007FFAE57AE8D7+23]
	RtlUserThreadStart [0x00007FFAE59D14FC+44]

2025-04-30 11:30:59 - WARNING - Failed selecting dropdown: Message: invalid session id
Stacktrace:
	GetHandleVerifier [0x00007FF7451EEFA5+77893]
	GetHandleVerifier [0x00007FF7451EF000+77984]
	(No symbol) [0x00007FF744FB8FEC]
	(No symbol) [0x00007FF744FFF44F]
	(No symbol) [0x00007FF745036FF2]
	(No symbol) [0x00007FF745031A02]
	(No symbol) [0x00007FF745030AC9]
	(No symbol) [0x00007FF744F85AB5]
	GetHandleVerifier [0x00007FF7454A7B6D+2931725]
	GetHandleVerifier [0x00007FF7454A2132+2908626]
	GetHandleVerifier [0x00007FF7454C00F3+3031443]
	GetHandleVerifier [0x00007FF7452091EA+184970]
	GetHandleVerifier [0x00007FF74521086F+215311]
	(No symbol) [0x00007FF744F84B2C]
	GetHandleVerifier [0x00007FF7455B2518+4023736]
	BaseThreadInitThunk [0x00007FFAE57AE8D7+23]
	RtlUserThreadStart [0x00007FFAE59D14FC+44]

2025-04-30 11:30:59 - WARNING - Failed sending keys: Message: invalid session id
Stacktrace:
	GetHandleVerifier [0x00007FF7451EEFA5+77893]
	GetHandleVerifier [0x00007FF7451EF000+77984]
	(No symbol) [0x00007FF744FB8FEC]
	(No symbol) [0x00007FF744FFF44F]
	(No symbol) [0x00007FF745036FF2]
	(No symbol) [0x00007FF745031A02]
	(No symbol) [0x00007FF745030AC9]
	(No symbol) [0x00007FF744F85AB5]
	GetHandleVerifier [0x00007FF7454A7B6D+2931725]
	GetHandleVerifier [0x00007FF7454A2132+2908626]
	GetHandleVerifier [0x00007FF7454C00F3+3031443]
	GetHandleVerifier [0x00007FF7452091EA+184970]
	GetHandleVerifier [0x00007FF74521086F+215311]
	(No symbol) [0x00007FF744F84B2C]
	GetHandleVerifier [0x00007FF7455B2518+4023736]
	BaseThreadInitThunk [0x00007FFAE57AE8D7+23]
	RtlUserThreadStart [0x00007FFAE59D14FC+44]

2025-04-30 11:31:00 - WARNING - Failed sending keys: Message: invalid session id
Stacktrace:
	GetHandleVerifier [0x00007FF7451EEFA5+77893]
	GetHandleVerifier [0x00007FF7451EF000+77984]
	(No symbol) [0x00007FF744FB8FEC]
	(No symbol) [0x00007FF744FFF44F]
	(No symbol) [0x00007FF745036FF2]
	(No symbol) [0x00007FF745031A02]
	(No symbol) [0x00007FF745030AC9]
	(No symbol) [0x00007FF744F85AB5]
	GetHandleVerifier [0x00007FF7454A7B6D+2931725]
	GetHandleVerifier [0x00007FF7454A2132+2908626]
	GetHandleVerifier [0x00007FF7454C00F3+3031443]
	GetHandleVerifier [0x00007FF7452091EA+184970]
	GetHandleVerifier [0x00007FF74521086F+215311]
	(No symbol) [0x00007FF744F84B2C]
	GetHandleVerifier [0x00007FF7455B2518+4023736]
	BaseThreadInitThunk [0x00007FFAE57AE8D7+23]
	RtlUserThreadStart [0x00007FFAE59D14FC+44]

2025-04-30 11:31:00 - WARNING - Failed selecting dropdown: Message: invalid session id
Stacktrace:
	GetHandleVerifier [0x00007FF7451EEFA5+77893]
	GetHandleVerifier [0x00007FF7451EF000+77984]
	(No symbol) [0x00007FF744FB8FEC]
	(No symbol) [0x00007FF744FFF44F]
	(No symbol) [0x00007FF745036FF2]
	(No symbol) [0x00007FF745031A02]
	(No symbol) [0x00007FF745030AC9]
	(No symbol) [0x00007FF744F85AB5]
	GetHandleVerifier [0x00007FF7454A7B6D+2931725]
	GetHandleVerifier [0x00007FF7454A2132+2908626]
	GetHandleVerifier [0x00007FF7454C00F3+3031443]
	GetHandleVerifier [0x00007FF7452091EA+184970]
	GetHandleVerifier [0x00007FF74521086F+215311]
	(No symbol) [0x00007FF744F84B2C]
	GetHandleVerifier [0x00007FF7455B2518+4023736]
	BaseThreadInitThunk [0x00007FFAE57AE8D7+23]
	RtlUserThreadStart [0x00007FFAE59D14FC+44]

2025-04-30 11:31:01 - WARNING - Failed sending keys: Message: invalid session id
Stacktrace:
	GetHandleVerifier [0x00007FF7451EEFA5+77893]
	GetHandleVerifier [0x00007FF7451EF000+77984]
	(No symbol) [0x00007FF744FB8FEC]
	(No symbol) [0x00007FF744FFF44F]
	(No symbol) [0x00007FF745036FF2]
	(No symbol) [0x00007FF745031A02]
	(No symbol) [0x00007FF745030AC9]
	(No symbol) [0x00007FF744F85AB5]
	GetHandleVerifier [0x00007FF7454A7B6D+2931725]
	GetHandleVerifier [0x00007FF7454A2132+2908626]
	GetHandleVerifier [0x00007FF7454C00F3+3031443]
	GetHandleVerifier [0x00007FF7452091EA+184970]
	GetHandleVerifier [0x00007FF74521086F+215311]
	(No symbol) [0x00007FF744F84B2C]
	GetHandleVerifier [0x00007FF7455B2518+4023736]
	BaseThreadInitThunk [0x00007FFAE57AE8D7+23]
	RtlUserThreadStart [0x00007FFAE59D14FC+44]

2025-04-30 11:31:01 - WARNING - Failed sending keys: Message: invalid session id
Stacktrace:
	GetHandleVerifier [0x00007FF7451EEFA5+77893]
	GetHandleVerifier [0x00007FF7451EF000+77984]
	(No symbol) [0x00007FF744FB8FEC]
	(No symbol) [0x00007FF744FFF44F]
	(No symbol) [0x00007FF745036FF2]
	(No symbol) [0x00007FF745031A02]
	(No symbol) [0x00007FF745030AC9]
	(No symbol) [0x00007FF744F85AB5]
	GetHandleVerifier [0x00007FF7454A7B6D+2931725]
	GetHandleVerifier [0x00007FF7454A2132+2908626]
	GetHandleVerifier [0x00007FF7454C00F3+3031443]
	GetHandleVerifier [0x00007FF7452091EA+184970]
	GetHandleVerifier [0x00007FF74521086F+215311]
	(No symbol) [0x00007FF744F84B2C]
	GetHandleVerifier [0x00007FF7455B2518+4023736]
	BaseThreadInitThunk [0x00007FFAE57AE8D7+23]
	RtlUserThreadStart [0x00007FFAE59D14FC+44]

2025-04-30 11:31:02 - WARNING - Failed sending keys: Message: invalid session id
Stacktrace:
	GetHandleVerifier [0x00007FF7451EEFA5+77893]
	GetHandleVerifier [0x00007FF7451EF000+77984]
	(No symbol) [0x00007FF744FB8FEC]
	(No symbol) [0x00007FF744FFF44F]
	(No symbol) [0x00007FF745036FF2]
	(No symbol) [0x00007FF745031A02]
	(No symbol) [0x00007FF745030AC9]
	(No symbol) [0x00007FF744F85AB5]
	GetHandleVerifier [0x00007FF7454A7B6D+2931725]
	GetHandleVerifier [0x00007FF7454A2132+2908626]
	GetHandleVerifier [0x00007FF7454C00F3+3031443]
	GetHandleVerifier [0x00007FF7452091EA+184970]
	GetHandleVerifier [0x00007FF74521086F+215311]
	(No symbol) [0x00007FF744F84B2C]
	GetHandleVerifier [0x00007FF7455B2518+4023736]
	BaseThreadInitThunk [0x00007FFAE57AE8D7+23]
	RtlUserThreadStart [0x00007FFAE59D14FC+44]

2025-04-30 11:31:02 - WARNING - Failed sending keys: Message: invalid session id
Stacktrace:
	GetHandleVerifier [0x00007FF7451EEFA5+77893]
	GetHandleVerifier [0x00007FF7451EF000+77984]
	(No symbol) [0x00007FF744FB8FEC]
	(No symbol) [0x00007FF744FFF44F]
	(No symbol) [0x00007FF745036FF2]
	(No symbol) [0x00007FF745031A02]
	(No symbol) [0x00007FF745030AC9]
	(No symbol) [0x00007FF744F85AB5]
	GetHandleVerifier [0x00007FF7454A7B6D+2931725]
	GetHandleVerifier [0x00007FF7454A2132+2908626]
	GetHandleVerifier [0x00007FF7454C00F3+3031443]
	GetHandleVerifier [0x00007FF7452091EA+184970]
	GetHandleVerifier [0x00007FF74521086F+215311]
	(No symbol) [0x00007FF744F84B2C]
	GetHandleVerifier [0x00007FF7455B2518+4023736]
	BaseThreadInitThunk [0x00007FFAE57AE8D7+23]
	RtlUserThreadStart [0x00007FFAE59D14FC+44]

2025-04-30 11:31:03 - WARNING - Failed sending keys: Message: invalid session id
Stacktrace:
	GetHandleVerifier [0x00007FF7451EEFA5+77893]
	GetHandleVerifier [0x00007FF7451EF000+77984]
	(No symbol) [0x00007FF744FB8FEC]
	(No symbol) [0x00007FF744FFF44F]
	(No symbol) [0x00007FF745036FF2]
	(No symbol) [0x00007FF745031A02]
	(No symbol) [0x00007FF745030AC9]
	(No symbol) [0x00007FF744F85AB5]
	GetHandleVerifier [0x00007FF7454A7B6D+2931725]
	GetHandleVerifier [0x00007FF7454A2132+2908626]
	GetHandleVerifier [0x00007FF7454C00F3+3031443]
	GetHandleVerifier [0x00007FF7452091EA+184970]
	GetHandleVerifier [0x00007FF74521086F+215311]
	(No symbol) [0x00007FF744F84B2C]
	GetHandleVerifier [0x00007FF7455B2518+4023736]
	BaseThreadInitThunk [0x00007FFAE57AE8D7+23]
	RtlUserThreadStart [0x00007FFAE59D14FC+44]

2025-04-30 11:31:03 - WARNING - Failed selecting dropdown: Message: invalid session id
Stacktrace:
	GetHandleVerifier [0x00007FF7451EEFA5+77893]
	GetHandleVerifier [0x00007FF7451EF000+77984]
	(No symbol) [0x00007FF744FB8FEC]
	(No symbol) [0x00007FF744FFF44F]
	(No symbol) [0x00007FF745036FF2]
	(No symbol) [0x00007FF745031A02]
	(No symbol) [0x00007FF745030AC9]
	(No symbol) [0x00007FF744F85AB5]
	GetHandleVerifier [0x00007FF7454A7B6D+2931725]
	GetHandleVerifier [0x00007FF7454A2132+2908626]
	GetHandleVerifier [0x00007FF7454C00F3+3031443]
	GetHandleVerifier [0x00007FF7452091EA+184970]
	GetHandleVerifier [0x00007FF74521086F+215311]
	(No symbol) [0x00007FF744F84B2C]
	GetHandleVerifier [0x00007FF7455B2518+4023736]
	BaseThreadInitThunk [0x00007FFAE57AE8D7+23]
	RtlUserThreadStart [0x00007FFAE59D14FC+44]

2025-04-30 11:31:04 - WARNING - Failed selecting dropdown: Message: invalid session id
Stacktrace:
	GetHandleVerifier [0x00007FF7451EEFA5+77893]
	GetHandleVerifier [0x00007FF7451EF000+77984]
	(No symbol) [0x00007FF744FB8FEC]
	(No symbol) [0x00007FF744FFF44F]
	(No symbol) [0x00007FF745036FF2]
	(No symbol) [0x00007FF745031A02]
	(No symbol) [0x00007FF745030AC9]
	(No symbol) [0x00007FF744F85AB5]
	GetHandleVerifier [0x00007FF7454A7B6D+2931725]
	GetHandleVerifier [0x00007FF7454A2132+2908626]
	GetHandleVerifier [0x00007FF7454C00F3+3031443]
	GetHandleVerifier [0x00007FF7452091EA+184970]
	GetHandleVerifier [0x00007FF74521086F+215311]
	(No symbol) [0x00007FF744F84B2C]
	GetHandleVerifier [0x00007FF7455B2518+4023736]
	BaseThreadInitThunk [0x00007FFAE57AE8D7+23]
	RtlUserThreadStart [0x00007FFAE59D14FC+44]

2025-04-30 11:31:04 - WARNING - Failed sending keys: Message: invalid session id
Stacktrace:
	GetHandleVerifier [0x00007FF7451EEFA5+77893]
	GetHandleVerifier [0x00007FF7451EF000+77984]
	(No symbol) [0x00007FF744FB8FEC]
	(No symbol) [0x00007FF744FFF44F]
	(No symbol) [0x00007FF745036FF2]
	(No symbol) [0x00007FF745031A02]
	(No symbol) [0x00007FF745030AC9]
	(No symbol) [0x00007FF744F85AB5]
	GetHandleVerifier [0x00007FF7454A7B6D+2931725]
	GetHandleVerifier [0x00007FF7454A2132+2908626]
	GetHandleVerifier [0x00007FF7454C00F3+3031443]
	GetHandleVerifier [0x00007FF7452091EA+184970]
	GetHandleVerifier [0x00007FF74521086F+215311]
	(No symbol) [0x00007FF744F84B2C]
	GetHandleVerifier [0x00007FF7455B2518+4023736]
	BaseThreadInitThunk [0x00007FFAE57AE8D7+23]
	RtlUserThreadStart [0x00007FFAE59D14FC+44]

2025-04-30 11:31:04 - WARNING - Failed sending keys: Message: invalid session id
Stacktrace:
	GetHandleVerifier [0x00007FF7451EEFA5+77893]
	GetHandleVerifier [0x00007FF7451EF000+77984]
	(No symbol) [0x00007FF744FB8FEC]
	(No symbol) [0x00007FF744FFF44F]
	(No symbol) [0x00007FF745036FF2]
	(No symbol) [0x00007FF745031A02]
	(No symbol) [0x00007FF745030AC9]
	(No symbol) [0x00007FF744F85AB5]
	GetHandleVerifier [0x00007FF7454A7B6D+2931725]
	GetHandleVerifier [0x00007FF7454A2132+2908626]
	GetHandleVerifier [0x00007FF7454C00F3+3031443]
	GetHandleVerifier [0x00007FF7452091EA+184970]
	GetHandleVerifier [0x00007FF74521086F+215311]
	(No symbol) [0x00007FF744F84B2C]
	GetHandleVerifier [0x00007FF7455B2518+4023736]
	BaseThreadInitThunk [0x00007FFAE57AE8D7+23]
	RtlUserThreadStart [0x00007FFAE59D14FC+44]

2025-04-30 11:31:04 - WARNING - Submit attempt 1 failed: Message: invalid session id
Stacktrace:
	GetHandleVerifier [0x00007FF7451EEFA5+77893]
	GetHandleVerifier [0x00007FF7451EF000+77984]
	(No symbol) [0x00007FF744FB8FEC]
	(No symbol) [0x00007FF744FFF44F]
	(No symbol) [0x00007FF745036FF2]
	(No symbol) [0x00007FF745031A02]
	(No symbol) [0x00007FF745030AC9]
	(No symbol) [0x00007FF744F85AB5]
	GetHandleVerifier [0x00007FF7454A7B6D+2931725]
	GetHandleVerifier [0x00007FF7454A2132+2908626]
	GetHandleVerifier [0x00007FF7454C00F3+3031443]
	GetHandleVerifier [0x00007FF7452091EA+184970]
	GetHandleVerifier [0x00007FF74521086F+215311]
	(No symbol) [0x00007FF744F84B2C]
	GetHandleVerifier [0x00007FF7455B2518+4023736]
	BaseThreadInitThunk [0x00007FFAE57AE8D7+23]
	RtlUserThreadStart [0x00007FFAE59D14FC+44]

2025-04-30 11:31:06 - WARNING - Submit attempt 2 failed: Message: invalid session id
Stacktrace:
	GetHandleVerifier [0x00007FF7451EEFA5+77893]
	GetHandleVerifier [0x00007FF7451EF000+77984]
	(No symbol) [0x00007FF744FB8FEC]
	(No symbol) [0x00007FF744FFF44F]
	(No symbol) [0x00007FF745036FF2]
	(No symbol) [0x00007FF745031A02]
	(No symbol) [0x00007FF745030AC9]
	(No symbol) [0x00007FF744F85AB5]
	GetHandleVerifier [0x00007FF7454A7B6D+2931725]
	GetHandleVerifier [0x00007FF7454A2132+2908626]
	GetHandleVerifier [0x00007FF7454C00F3+3031443]
	GetHandleVerifier [0x00007FF7452091EA+184970]
	GetHandleVerifier [0x00007FF74521086F+215311]
	(No symbol) [0x00007FF744F84B2C]
	GetHandleVerifier [0x00007FF7455B2518+4023736]
	BaseThreadInitThunk [0x00007FFAE57AE8D7+23]
	RtlUserThreadStart [0x00007FFAE59D14FC+44]

2025-04-30 11:31:08 - WARNING - Submit attempt 3 failed: Message: invalid session id
Stacktrace:
	GetHandleVerifier [0x00007FF7451EEFA5+77893]
	GetHandleVerifier [0x00007FF7451EF000+77984]
	(No symbol) [0x00007FF744FB8FEC]
	(No symbol) [0x00007FF744FFF44F]
	(No symbol) [0x00007FF745036FF2]
	(No symbol) [0x00007FF745031A02]
	(No symbol) [0x00007FF745030AC9]
	(No symbol) [0x00007FF744F85AB5]
	GetHandleVerifier [0x00007FF7454A7B6D+2931725]
	GetHandleVerifier [0x00007FF7454A2132+2908626]
	GetHandleVerifier [0x00007FF7454C00F3+3031443]
	GetHandleVerifier [0x00007FF7452091EA+184970]
	GetHandleVerifier [0x00007FF74521086F+215311]
	(No symbol) [0x00007FF744F84B2C]
	GetHandleVerifier [0x00007FF7455B2518+4023736]
	BaseThreadInitThunk [0x00007FFAE57AE8D7+23]
	RtlUserThreadStart [0x00007FFAE59D14FC+44]

2025-04-30 11:31:10 - WARNING - Submit attempt 4 failed: Message: invalid session id
Stacktrace:
	GetHandleVerifier [0x00007FF7451EEFA5+77893]
	GetHandleVerifier [0x00007FF7451EF000+77984]
	(No symbol) [0x00007FF744FB8FEC]
	(No symbol) [0x00007FF744FFF44F]
	(No symbol) [0x00007FF745036FF2]
	(No symbol) [0x00007FF745031A02]
	(No symbol) [0x00007FF745030AC9]
	(No symbol) [0x00007FF744F85AB5]
	GetHandleVerifier [0x00007FF7454A7B6D+2931725]
	GetHandleVerifier [0x00007FF7454A2132+2908626]
	GetHandleVerifier [0x00007FF7454C00F3+3031443]
	GetHandleVerifier [0x00007FF7452091EA+184970]
	GetHandleVerifier [0x00007FF74521086F+215311]
	(No symbol) [0x00007FF744F84B2C]
	GetHandleVerifier [0x00007FF7455B2518+4023736]
	BaseThreadInitThunk [0x00007FFAE57AE8D7+23]
	RtlUserThreadStart [0x00007FFAE59D14FC+44]

2025-04-30 11:31:12 - WARNING - Submit attempt 5 failed: Message: invalid session id
Stacktrace:
	GetHandleVerifier [0x00007FF7451EEFA5+77893]
	GetHandleVerifier [0x00007FF7451EF000+77984]
	(No symbol) [0x00007FF744FB8FEC]
	(No symbol) [0x00007FF744FFF44F]
	(No symbol) [0x00007FF745036FF2]
	(No symbol) [0x00007FF745031A02]
	(No symbol) [0x00007FF745030AC9]
	(No symbol) [0x00007FF744F85AB5]
	GetHandleVerifier [0x00007FF7454A7B6D+2931725]
	GetHandleVerifier [0x00007FF7454A2132+2908626]
	GetHandleVerifier [0x00007FF7454C00F3+3031443]
	GetHandleVerifier [0x00007FF7452091EA+184970]
	GetHandleVerifier [0x00007FF74521086F+215311]
	(No symbol) [0x00007FF744F84B2C]
	GetHandleVerifier [0x00007FF7455B2518+4023736]
	BaseThreadInitThunk [0x00007FFAE57AE8D7+23]
	RtlUserThreadStart [0x00007FFAE59D14FC+44]

2025-04-30 11:31:14 - INFO - Jai Shree Ram \U0001f6a9
2025-04-30 11:31:14 - INFO - Submit successful after retries.
2025-04-30 11:31:14 - INFO - \u2705 All done! Report saved at: reports\latching_20250430_105704.csv
2025-04-30 11:31:51 - INFO - Login successful.
2025-04-30 11:31:51 - INFO - Processing FSN=BELH9AAABDZFA6EF
2025-04-30 11:31:51 - INFO - FSN entered
2025-04-30 11:31:56 - ERROR - Error processing FSN BELH9AAABDZFA6EF: Could not find 'Start Selling' button
2025-04-30 11:32:01 - INFO - Popup closed successfully
2025-04-30 11:32:03 - INFO - Processing FSN=BELH9AAAXBH9GMFF
2025-04-30 11:32:03 - INFO - FSN entered
2025-04-30 11:32:07 - ERROR - Error processing FSN BELH9AAAXBH9GMFF: Could not find 'Start Selling' button
2025-04-30 11:32:12 - INFO - Popup closed successfully
2025-04-30 11:32:14 - INFO - Processing FSN=BELH9AAABVKBNCMF
2025-04-30 11:32:15 - INFO - FSN entered
2025-04-30 11:32:19 - ERROR - Error processing FSN BELH9AAABVKBNCMF: Could not find 'Start Selling' button
2025-04-30 11:32:29 - INFO - No popup appeared
2025-04-30 11:32:29 - INFO - Processing FSN=BELH9AAAXKS9ZHBS
2025-04-30 11:32:29 - INFO - FSN entered
2025-04-30 11:32:33 - ERROR - Error processing FSN BELH9AAAXKS9ZHBS: Could not find 'Start Selling' button
2025-04-30 11:32:43 - INFO - No popup appeared
2025-04-30 11:32:43 - INFO - Processing FSN=BELH9AAAFXF2PNZE
2025-04-30 11:32:44 - INFO - FSN entered
2025-04-30 11:32:48 - ERROR - Error processing FSN BELH9AAAFXF2PNZE: Could not find 'Start Selling' button
2025-04-30 11:32:58 - INFO - No popup appeared
2025-04-30 11:32:58 - INFO - Processing FSN=BELH9AAAURFHCU7B
2025-04-30 11:32:58 - INFO - FSN entered
2025-04-30 11:33:02 - ERROR - Error processing FSN BELH9AAAURFHCU7B: Could not find 'Start Selling' button
2025-04-30 11:33:13 - INFO - No popup appeared
2025-04-30 11:33:13 - INFO - Processing FSN=BELH9AAAQJMFHNDZ
2025-04-30 11:33:13 - INFO - FSN entered
2025-04-30 11:33:17 - ERROR - Error processing FSN BELH9AAAQJMFHNDZ: Could not find 'Start Selling' button
2025-04-30 11:33:27 - INFO - No popup appeared
2025-04-30 11:33:27 - INFO - Processing FSN=BELH9AAAJHNAZAXM
2025-04-30 11:33:27 - INFO - FSN entered
2025-04-30 11:33:32 - ERROR - Error processing FSN BELH9AAAJHNAZAXM: Could not find 'Start Selling' button
2025-04-30 11:33:42 - INFO - No popup appeared
2025-04-30 11:33:42 - INFO - Processing FSN=BELH9AAAGPC5JBBQ
2025-04-30 11:33:42 - INFO - FSN entered
2025-04-30 11:33:46 - ERROR - Error processing FSN BELH9AAAGPC5JBBQ: Could not find 'Start Selling' button
2025-04-30 11:33:56 - INFO - No popup appeared
2025-04-30 11:33:56 - INFO - Processing FSN=BELH9AAADH37FZRJ
2025-04-30 11:33:56 - INFO - FSN entered
2025-04-30 11:34:01 - ERROR - Error processing FSN BELH9AAADH37FZRJ: Could not find 'Start Selling' button
2025-04-30 11:34:11 - INFO - No popup appeared
2025-04-30 11:34:11 - INFO - Processing FSN=BELH9AAAHZUMRNPQ
2025-04-30 11:34:11 - INFO - FSN entered
2025-04-30 11:34:15 - ERROR - Error processing FSN BELH9AAAHZUMRNPQ: Could not find 'Start Selling' button
2025-04-30 11:34:25 - INFO - No popup appeared
2025-04-30 11:34:25 - INFO - Processing FSN=BELH9AAAEWBZZHFQ
2025-04-30 11:34:26 - INFO - FSN entered
2025-04-30 11:34:30 - ERROR - Error processing FSN BELH9AAAEWBZZHFQ: Could not find 'Start Selling' button
2025-04-30 11:34:40 - INFO - No popup appeared
2025-04-30 11:34:40 - INFO - Processing FSN=BELH9AAAVVY2ZR8X
2025-04-30 11:34:40 - INFO - FSN entered
2025-04-30 11:34:44 - ERROR - Error processing FSN BELH9AAAVVY2ZR8X: Could not find 'Start Selling' button
2025-04-30 11:34:54 - INFO - No popup appeared
2025-04-30 11:34:54 - INFO - Processing FSN=BELH9AAARGVSC3JW
2025-04-30 11:34:55 - INFO - FSN entered
2025-04-30 11:34:59 - ERROR - Error processing FSN BELH9AAARGVSC3JW: Could not find 'Start Selling' button
2025-04-30 11:35:09 - INFO - No popup appeared
2025-04-30 11:35:09 - INFO - Processing FSN=BELH9AAA9ZQ2HYZC
2025-04-30 11:35:09 - INFO - FSN entered
2025-04-30 11:35:13 - ERROR - Error processing FSN BELH9AAA9ZQ2HYZC: Could not find 'Start Selling' button
2025-04-30 11:35:24 - INFO - No popup appeared
2025-04-30 11:35:24 - INFO - Processing FSN=BELH9AAAMHUWZC77
2025-04-30 11:35:24 - INFO - FSN entered
2025-04-30 11:35:28 - ERROR - Error processing FSN BELH9AAAMHUWZC77: Could not find 'Start Selling' button
2025-04-30 11:35:38 - INFO - No popup appeared
2025-04-30 11:35:38 - INFO - Processing FSN=BELH9AAABANYFPZG
2025-04-30 11:35:38 - INFO - FSN entered
2025-04-30 11:35:43 - ERROR - Error processing FSN BELH9AAABANYFPZG: Could not find 'Start Selling' button
2025-04-30 11:35:53 - INFO - No popup appeared
2025-04-30 11:35:53 - INFO - Processing FSN=BELH9AAAFEV9GFGW
2025-04-30 11:35:53 - INFO - FSN entered
2025-04-30 11:35:57 - ERROR - Error processing FSN BELH9AAAFEV9GFGW: Could not find 'Start Selling' button
2025-04-30 11:36:07 - INFO - No popup appeared
2025-04-30 11:36:07 - INFO - Processing FSN=BELH9AAAUHYHZSQU
2025-04-30 11:36:08 - INFO - FSN entered
2025-04-30 11:36:12 - ERROR - Error processing FSN BELH9AAAUHYHZSQU: Could not find 'Start Selling' button
2025-04-30 11:36:22 - INFO - No popup appeared
2025-04-30 11:36:22 - INFO - Processing FSN=BELH9AAAGPMMAN6Q
2025-04-30 11:36:22 - INFO - FSN entered
2025-04-30 11:36:26 - ERROR - Error processing FSN BELH9AAAGPMMAN6Q: Could not find 'Start Selling' button
2025-04-30 11:36:36 - INFO - No popup appeared
2025-04-30 11:36:36 - INFO - Processing FSN=BELH9AAAKH66XGJR
2025-04-30 11:36:37 - INFO - FSN entered
2025-04-30 11:36:41 - ERROR - Error processing FSN BELH9AAAKH66XGJR: Could not find 'Start Selling' button
2025-04-30 11:36:51 - INFO - No popup appeared
2025-04-30 11:36:51 - INFO - Processing FSN=BELH9AAAEZTCFA5Y
2025-04-30 11:36:51 - INFO - FSN entered
2025-04-30 11:36:55 - ERROR - Error processing FSN BELH9AAAEZTCFA5Y: Could not find 'Start Selling' button
2025-04-30 11:37:06 - INFO - No popup appeared
2025-04-30 11:37:06 - INFO - Processing FSN=BELH9AAA3X7FQ23U
2025-04-30 11:37:06 - INFO - FSN entered
2025-04-30 11:37:10 - ERROR - Error processing FSN BELH9AAA3X7FQ23U: Could not find 'Start Selling' button
2025-04-30 11:37:20 - INFO - No popup appeared
2025-04-30 11:37:20 - INFO - Processing FSN=BELH9AAAGX7V6PGT
2025-04-30 11:37:20 - INFO - FSN entered
2025-04-30 11:37:24 - ERROR - Error processing FSN BELH9AAAGX7V6PGT: Could not find 'Start Selling' button
2025-04-30 11:37:35 - INFO - No popup appeared
2025-04-30 11:37:35 - INFO - Processing FSN=BELH9AAAY5NCXDQG
2025-04-30 11:37:35 - INFO - FSN entered
2025-04-30 11:37:39 - ERROR - Error processing FSN BELH9AAAY5NCXDQG: Could not find 'Start Selling' button
2025-04-30 11:37:49 - INFO - No popup appeared
2025-04-30 11:37:49 - INFO - Processing FSN=BELH9AAADAG8YGZG
2025-04-30 11:37:49 - INFO - FSN entered
2025-04-30 11:37:54 - ERROR - Error processing FSN BELH9AAADAG8YGZG: Could not find 'Start Selling' button
2025-04-30 11:38:04 - INFO - No popup appeared
2025-04-30 11:38:04 - INFO - Processing FSN=BELH9AAACHYTGPBK
2025-04-30 11:38:04 - INFO - FSN entered
2025-04-30 11:38:08 - ERROR - Error processing FSN BELH9AAACHYTGPBK: Could not find 'Start Selling' button
2025-04-30 11:38:18 - INFO - No popup appeared
2025-04-30 11:38:18 - INFO - Processing FSN=BELH9AAAR7XSBXNV
2025-04-30 11:38:18 - INFO - FSN entered
2025-04-30 11:38:23 - ERROR - Error processing FSN BELH9AAAR7XSBXNV: Could not find 'Start Selling' button
2025-04-30 11:38:33 - INFO - No popup appeared
2025-04-30 11:38:33 - INFO - Processing FSN=BELH9AAAZZEFYZDF
2025-04-30 11:38:33 - INFO - FSN entered
2025-04-30 11:38:37 - ERROR - Error processing FSN BELH9AAAZZEFYZDF: Could not find 'Start Selling' button
2025-04-30 11:38:47 - INFO - No popup appeared
2025-04-30 11:38:47 - INFO - Processing FSN=BELH9AAAYA8FKVZG
2025-04-30 11:38:48 - INFO - FSN entered
2025-04-30 11:38:52 - ERROR - Error processing FSN BELH9AAAYA8FKVZG: Could not find 'Start Selling' button
2025-04-30 11:39:02 - INFO - No popup appeared
2025-04-30 11:39:02 - INFO - Processing FSN=BELH9AAAZUMYUGQQ
2025-04-30 11:39:02 - INFO - FSN entered
2025-04-30 11:39:06 - ERROR - Error processing FSN BELH9AAAZUMYUGQQ: Could not find 'Start Selling' button
2025-04-30 11:39:16 - INFO - No popup appeared
2025-04-30 11:39:16 - INFO - Processing FSN=BELH9AAA4REYHWBY
2025-04-30 11:39:17 - INFO - FSN entered
2025-04-30 11:39:21 - ERROR - Error processing FSN BELH9AAA4REYHWBY: Could not find 'Start Selling' button
2025-04-30 11:39:31 - INFO - No popup appeared
2025-04-30 11:39:31 - INFO - Processing FSN=BELH9AAAWWHHDYZW
2025-04-30 11:39:31 - INFO - FSN entered
2025-04-30 11:39:35 - ERROR - Error processing FSN BELH9AAAWWHHDYZW: Could not find 'Start Selling' button
2025-04-30 11:39:45 - INFO - No popup appeared
2025-04-30 11:39:45 - INFO - Processing FSN=BELH9AAAYZ86EPTB
2025-04-30 11:39:46 - INFO - FSN entered
2025-04-30 11:39:50 - ERROR - Error processing FSN BELH9AAAYZ86EPTB: Could not find 'Start Selling' button
2025-04-30 11:45:03 - INFO - No popup appeared
2025-04-30 11:45:03 - INFO - Processing FSN=BELH9AAAJUKKKG7T
2025-04-30 11:45:03 - ERROR - Error processing FSN BELH9AAAJUKKKG7T: Message: invalid session id
Stacktrace:
	GetHandleVerifier [0x00007FF7451EEFA5+77893]
	GetHandleVerifier [0x00007FF7451EF000+77984]
	(No symbol) [0x00007FF744FB8FEC]
	(No symbol) [0x00007FF744FFF44F]
	(No symbol) [0x00007FF745036FF2]
	(No symbol) [0x00007FF745031A02]
	(No symbol) [0x00007FF745030AC9]
	(No symbol) [0x00007FF744F85AB5]
	GetHandleVerifier [0x00007FF7454A7B6D+2931725]
	GetHandleVerifier [0x00007FF7454A2132+2908626]
	GetHandleVerifier [0x00007FF7454C00F3+3031443]
	GetHandleVerifier [0x00007FF7452091EA+184970]
	GetHandleVerifier [0x00007FF74521086F+215311]
	(No symbol) [0x00007FF744F84B2C]
	GetHandleVerifier [0x00007FF7455B2518+4023736]
	BaseThreadInitThunk [0x00007FFAE57AE8D7+23]
	RtlUserThreadStart [0x00007FFAE59D14FC+44]

2025-04-30 11:45:03 - INFO - \u2705 All done! Report saved at: reports\latching_20250430_113116.csv
2025-04-30 12:27:31 - INFO - Jai Shree Ram \U0001f6a9
2025-04-30 12:27:47 - INFO - \u2705 All done! Report saved at: reports\latching_20250430_122734.csv
2025-04-30 12:27:51 - INFO - Jai Shree Ram \U0001f6a9
2025-04-30 12:28:25 - INFO - Login successful.
2025-04-30 12:28:25 - INFO - Processing FSN=BELH9AAABDZFA6EF
2025-04-30 12:28:41 - ERROR - Error processing FSN BELH9AAABDZFA6EF: Message: 
Stacktrace:
	GetHandleVerifier [0x00007FF7C40AEFA5+77893]
	GetHandleVerifier [0x00007FF7C40AF000+77984]
	(No symbol) [0x00007FF7C3E791BA]
	(No symbol) [0x00007FF7C3ECF16D]
	(No symbol) [0x00007FF7C3ECF41C]
	(No symbol) [0x00007FF7C3F22237]
	(No symbol) [0x00007FF7C3EF716F]
	(No symbol) [0x00007FF7C3F1F07F]
	(No symbol) [0x00007FF7C3EF6F03]
	(No symbol) [0x00007FF7C3EC0328]
	(No symbol) [0x00007FF7C3EC1093]
	GetHandleVerifier [0x00007FF7C4367B6D+2931725]
	GetHandleVerifier [0x00007FF7C4362132+2908626]
	GetHandleVerifier [0x00007FF7C43800F3+3031443]
	GetHandleVerifier [0x00007FF7C40C91EA+184970]
	GetHandleVerifier [0x00007FF7C40D086F+215311]
	GetHandleVerifier [0x00007FF7C40B6EC4+110436]
	GetHandleVerifier [0x00007FF7C40B7072+110866]
	GetHandleVerifier [0x00007FF7C409D479+5401]
	BaseThreadInitThunk [0x00007FFAE57AE8D7+23]
	RtlUserThreadStart [0x00007FFAE59D14FC+44]

2025-04-30 12:28:52 - INFO - No popup appeared
2025-04-30 12:28:52 - INFO - Processing FSN=BELH9AAAXBH9GMFF
2025-04-30 12:29:07 - ERROR - Error processing FSN BELH9AAAXBH9GMFF: Message: 
Stacktrace:
	GetHandleVerifier [0x00007FF7C40AEFA5+77893]
	GetHandleVerifier [0x00007FF7C40AF000+77984]
	(No symbol) [0x00007FF7C3E791BA]
	(No symbol) [0x00007FF7C3ECF16D]
	(No symbol) [0x00007FF7C3ECF41C]
	(No symbol) [0x00007FF7C3F22237]
	(No symbol) [0x00007FF7C3EF716F]
	(No symbol) [0x00007FF7C3F1F07F]
	(No symbol) [0x00007FF7C3EF6F03]
	(No symbol) [0x00007FF7C3EC0328]
	(No symbol) [0x00007FF7C3EC1093]
	GetHandleVerifier [0x00007FF7C4367B6D+2931725]
	GetHandleVerifier [0x00007FF7C4362132+2908626]
	GetHandleVerifier [0x00007FF7C43800F3+3031443]
	GetHandleVerifier [0x00007FF7C40C91EA+184970]
	GetHandleVerifier [0x00007FF7C40D086F+215311]
	GetHandleVerifier [0x00007FF7C40B6EC4+110436]
	GetHandleVerifier [0x00007FF7C40B7072+110866]
	GetHandleVerifier [0x00007FF7C409D479+5401]
	BaseThreadInitThunk [0x00007FFAE57AE8D7+23]
	RtlUserThreadStart [0x00007FFAE59D14FC+44]

2025-04-30 12:29:18 - INFO - No popup appeared
2025-04-30 12:29:18 - INFO - Processing FSN=BELH9AAABVKBNCMF
2025-04-30 12:29:20 - ERROR - Error processing FSN BELH9AAABVKBNCMF: Message: invalid session id: session deleted as the browser has closed the connection
from disconnected: not connected to DevTools
  (Session info: chrome=135.0.7049.116)
Stacktrace:
	GetHandleVerifier [0x00007FF7C40AEFA5+77893]
	GetHandleVerifier [0x00007FF7C40AF000+77984]
	(No symbol) [0x00007FF7C3E791BA]
	(No symbol) [0x00007FF7C3E64F15]
	(No symbol) [0x00007FF7C3E89F04]
	(No symbol) [0x00007FF7C3EFEACF]
	(No symbol) [0x00007FF7C3F1E972]
	(No symbol) [0x00007FF7C3EF6F03]
	(No symbol) [0x00007FF7C3EC0328]
	(No symbol) [0x00007FF7C3EC1093]
	GetHandleVerifier [0x00007FF7C4367B6D+2931725]
	GetHandleVerifier [0x00007FF7C4362132+2908626]
	GetHandleVerifier [0x00007FF7C43800F3+3031443]
	GetHandleVerifier [0x00007FF7C40C91EA+184970]
	GetHandleVerifier [0x00007FF7C40D086F+215311]
	GetHandleVerifier [0x00007FF7C40B6EC4+110436]
	GetHandleVerifier [0x00007FF7C40B7072+110866]
	GetHandleVerifier [0x00007FF7C409D479+5401]
	BaseThreadInitThunk [0x00007FFAE57AE8D7+23]
	RtlUserThreadStart [0x00007FFAE59D14FC+44]

2025-04-30 12:29:20 - INFO - \u2705 All done! Report saved at: reports\latching_20250430_122752.csv
2025-04-30 12:29:30 - INFO - Jai Shree Ram \U0001f6a9
2025-04-30 12:30:06 - INFO - Login successful.
2025-04-30 12:30:06 - INFO - Processing FSN=BELH9AAABDZFA6EF
2025-04-30 12:30:11 - INFO - FSN entered
2025-04-30 12:30:15 - ERROR - Error processing FSN BELH9AAABDZFA6EF: Could not find 'Start Selling' button
2025-04-30 12:30:20 - INFO - Popup closed successfully
2025-04-30 12:30:22 - INFO - Processing FSN=BELH9AAAXBH9GMFF
2025-04-30 12:30:23 - INFO - FSN entered
2025-04-30 12:30:27 - ERROR - Error processing FSN BELH9AAAXBH9GMFF: Could not find 'Start Selling' button
2025-04-30 12:30:32 - INFO - Popup closed successfully
2025-04-30 12:30:34 - INFO - Processing FSN=BELH9AAABVKBNCMF
2025-04-30 12:30:34 - INFO - FSN entered
2025-04-30 12:30:38 - ERROR - Error processing FSN BELH9AAABVKBNCMF: Could not find 'Start Selling' button
2025-04-30 12:30:48 - INFO - No popup appeared
2025-04-30 12:30:48 - INFO - Processing FSN=BELH9AAAXKS9ZHBS
2025-04-30 12:30:49 - INFO - FSN entered
2025-04-30 12:30:53 - ERROR - Error processing FSN BELH9AAAXKS9ZHBS: Could not find 'Start Selling' button
2025-04-30 12:31:03 - INFO - No popup appeared
2025-04-30 12:31:03 - INFO - Processing FSN=BELH9AAAFXF2PNZE
2025-04-30 12:31:03 - INFO - FSN entered
2025-04-30 12:31:07 - ERROR - Error processing FSN BELH9AAAFXF2PNZE: Could not find 'Start Selling' button
2025-04-30 12:31:18 - INFO - No popup appeared
2025-04-30 12:31:18 - INFO - Processing FSN=BELH9AAAURFHCU7B
2025-04-30 12:31:18 - INFO - FSN entered
2025-04-30 12:31:22 - ERROR - Error processing FSN BELH9AAAURFHCU7B: Could not find 'Start Selling' button
2025-04-30 12:31:32 - INFO - No popup appeared
2025-04-30 12:31:32 - INFO - Processing FSN=BELH9AAAQJMFHNDZ
2025-04-30 12:31:32 - INFO - FSN entered
2025-04-30 12:31:36 - ERROR - Error processing FSN BELH9AAAQJMFHNDZ: Could not find 'Start Selling' button
2025-04-30 12:31:47 - INFO - No popup appeared
2025-04-30 12:31:47 - INFO - Processing FSN=BELH9AAAJHNAZAXM
2025-04-30 12:31:47 - INFO - FSN entered
2025-04-30 12:31:51 - ERROR - Error processing FSN BELH9AAAJHNAZAXM: Could not find 'Start Selling' button
2025-04-30 12:32:01 - INFO - No popup appeared
2025-04-30 12:32:01 - INFO - Processing FSN=BELH9AAAGPC5JBBQ
2025-04-30 12:32:01 - INFO - FSN entered
2025-04-30 12:32:06 - ERROR - Error processing FSN BELH9AAAGPC5JBBQ: Could not find 'Start Selling' button
2025-04-30 12:32:16 - INFO - No popup appeared
2025-04-30 12:32:16 - INFO - Processing FSN=BELH9AAADH37FZRJ
2025-04-30 12:32:16 - INFO - FSN entered
2025-04-30 12:32:20 - ERROR - Error processing FSN BELH9AAADH37FZRJ: Could not find 'Start Selling' button
2025-04-30 12:32:30 - INFO - No popup appeared
2025-04-30 12:32:30 - INFO - Processing FSN=BELH9AAAHZUMRNPQ
2025-04-30 12:32:31 - INFO - FSN entered
2025-04-30 12:32:35 - ERROR - Error processing FSN BELH9AAAHZUMRNPQ: Could not find 'Start Selling' button
2025-04-30 12:32:45 - INFO - No popup appeared
2025-04-30 12:32:45 - INFO - Processing FSN=BELH9AAAEWBZZHFQ
2025-04-30 12:32:45 - INFO - FSN entered
2025-04-30 12:32:49 - ERROR - Error processing FSN BELH9AAAEWBZZHFQ: Could not find 'Start Selling' button
2025-04-30 12:32:59 - INFO - No popup appeared
2025-04-30 12:32:59 - INFO - Processing FSN=BELH9AAAVVY2ZR8X
2025-04-30 12:33:00 - INFO - FSN entered
2025-04-30 12:33:04 - ERROR - Error processing FSN BELH9AAAVVY2ZR8X: Could not find 'Start Selling' button
2025-04-30 12:33:14 - INFO - No popup appeared
2025-04-30 12:33:14 - INFO - Processing FSN=BELH9AAARGVSC3JW
2025-04-30 12:33:14 - INFO - FSN entered
2025-04-30 12:33:18 - ERROR - Error processing FSN BELH9AAARGVSC3JW: Could not find 'Start Selling' button
2025-04-30 12:33:29 - INFO - No popup appeared
2025-04-30 12:33:29 - INFO - Processing FSN=BELH9AAA9ZQ2HYZC
2025-04-30 12:33:29 - INFO - FSN entered
2025-04-30 12:33:33 - ERROR - Error processing FSN BELH9AAA9ZQ2HYZC: Could not find 'Start Selling' button
2025-04-30 12:33:43 - INFO - No popup appeared
2025-04-30 12:33:43 - INFO - Processing FSN=BELH9AAAMHUWZC77
2025-04-30 12:33:43 - INFO - FSN entered
2025-04-30 12:33:47 - ERROR - Error processing FSN BELH9AAAMHUWZC77: Could not find 'Start Selling' button
2025-04-30 12:33:58 - INFO - No popup appeared
2025-04-30 12:33:58 - INFO - Processing FSN=BELH9AAABANYFPZG
2025-04-30 12:33:58 - INFO - FSN entered
2025-04-30 12:34:02 - ERROR - Error processing FSN BELH9AAABANYFPZG: Could not find 'Start Selling' button
2025-04-30 12:34:12 - INFO - No popup appeared
2025-04-30 12:34:12 - INFO - Processing FSN=BELH9AAAFEV9GFGW
2025-04-30 12:34:12 - INFO - FSN entered
2025-04-30 12:34:16 - ERROR - Error processing FSN BELH9AAAFEV9GFGW: Could not find 'Start Selling' button
2025-04-30 12:34:27 - INFO - No popup appeared
2025-04-30 12:34:27 - INFO - Processing FSN=BELH9AAAUHYHZSQU
2025-04-30 12:34:27 - INFO - FSN entered
2025-04-30 12:34:31 - ERROR - Error processing FSN BELH9AAAUHYHZSQU: Could not find 'Start Selling' button
2025-04-30 12:34:41 - INFO - No popup appeared
2025-04-30 12:34:41 - INFO - Processing FSN=BELH9AAAGPMMAN6Q
2025-04-30 12:34:41 - INFO - FSN entered
2025-04-30 12:34:46 - ERROR - Error processing FSN BELH9AAAGPMMAN6Q: Could not find 'Start Selling' button
2025-04-30 12:34:56 - INFO - No popup appeared
2025-04-30 12:34:56 - INFO - Processing FSN=BELH9AAAKH66XGJR
2025-04-30 12:34:56 - INFO - FSN entered
2025-04-30 12:35:00 - ERROR - Error processing FSN BELH9AAAKH66XGJR: Could not find 'Start Selling' button
2025-04-30 12:35:10 - INFO - No popup appeared
2025-04-30 12:35:10 - INFO - Processing FSN=BELH9AAAEZTCFA5Y
2025-04-30 12:35:10 - INFO - FSN entered
2025-04-30 12:35:15 - ERROR - Error processing FSN BELH9AAAEZTCFA5Y: Could not find 'Start Selling' button
2025-04-30 12:35:25 - INFO - No popup appeared
2025-04-30 12:35:25 - INFO - Processing FSN=BELH9AAA3X7FQ23U
2025-04-30 12:35:25 - INFO - FSN entered
2025-04-30 12:35:29 - ERROR - Error processing FSN BELH9AAA3X7FQ23U: Could not find 'Start Selling' button
2025-04-30 12:35:39 - INFO - No popup appeared
2025-04-30 12:35:39 - INFO - Processing FSN=BELH9AAAGX7V6PGT
2025-04-30 12:35:40 - INFO - FSN entered
2025-04-30 12:35:44 - ERROR - Error processing FSN BELH9AAAGX7V6PGT: Could not find 'Start Selling' button
2025-04-30 12:35:54 - INFO - No popup appeared
2025-04-30 12:35:54 - INFO - Processing FSN=BELH9AAAY5NCXDQG
2025-04-30 12:35:54 - INFO - FSN entered
2025-04-30 12:35:58 - ERROR - Error processing FSN BELH9AAAY5NCXDQG: Could not find 'Start Selling' button
2025-04-30 12:36:08 - INFO - No popup appeared
2025-04-30 12:36:08 - INFO - Processing FSN=BELH9AAADAG8YGZG
2025-04-30 12:36:08 - INFO - FSN entered
2025-04-30 12:36:13 - ERROR - Error processing FSN BELH9AAADAG8YGZG: Could not find 'Start Selling' button
2025-04-30 12:36:23 - INFO - No popup appeared
2025-04-30 12:36:23 - INFO - Processing FSN=BELH9AAACHYTGPBK
2025-04-30 12:36:23 - INFO - FSN entered
2025-04-30 12:36:27 - ERROR - Error processing FSN BELH9AAACHYTGPBK: Could not find 'Start Selling' button
2025-04-30 12:36:37 - INFO - No popup appeared
2025-04-30 12:36:37 - INFO - Processing FSN=BELH9AAAR7XSBXNV
2025-04-30 12:36:38 - INFO - FSN entered
2025-04-30 12:36:42 - ERROR - Error processing FSN BELH9AAAR7XSBXNV: Could not find 'Start Selling' button
2025-04-30 12:36:52 - INFO - No popup appeared
2025-04-30 12:36:52 - INFO - Processing FSN=BELH9AAAZZEFYZDF
2025-04-30 12:36:52 - INFO - FSN entered
2025-04-30 12:36:56 - ERROR - Error processing FSN BELH9AAAZZEFYZDF: Could not find 'Start Selling' button
2025-04-30 12:37:06 - INFO - No popup appeared
2025-04-30 12:37:06 - INFO - Processing FSN=BELH9AAAYA8FKVZG
2025-04-30 12:37:07 - INFO - FSN entered
2025-04-30 12:37:11 - ERROR - Error processing FSN BELH9AAAYA8FKVZG: Could not find 'Start Selling' button
2025-04-30 12:37:21 - INFO - No popup appeared
2025-04-30 12:37:21 - INFO - Processing FSN=BELH9AAAZUMYUGQQ
2025-04-30 12:37:21 - INFO - FSN entered
2025-04-30 12:37:25 - ERROR - Error processing FSN BELH9AAAZUMYUGQQ: Could not find 'Start Selling' button
2025-04-30 12:37:36 - INFO - No popup appeared
2025-04-30 12:37:36 - INFO - Processing FSN=BELH9AAA4REYHWBY
2025-04-30 12:37:36 - INFO - FSN entered
2025-04-30 12:37:40 - ERROR - Error processing FSN BELH9AAA4REYHWBY: Could not find 'Start Selling' button
2025-04-30 12:37:50 - INFO - No popup appeared
2025-04-30 12:37:50 - INFO - Processing FSN=BELH9AAAWWHHDYZW
2025-04-30 12:37:50 - INFO - FSN entered
2025-04-30 12:37:54 - ERROR - Error processing FSN BELH9AAAWWHHDYZW: Could not find 'Start Selling' button
2025-04-30 12:38:05 - INFO - No popup appeared
2025-04-30 12:38:05 - INFO - Processing FSN=BELH9AAAYZ86EPTB
2025-04-30 12:38:05 - INFO - FSN entered
2025-04-30 12:38:09 - ERROR - Error processing FSN BELH9AAAYZ86EPTB: Could not find 'Start Selling' button
2025-04-30 12:38:19 - INFO - No popup appeared
2025-04-30 12:38:19 - INFO - Processing FSN=BELH9AAAJUKKKG7T
2025-04-30 12:38:19 - INFO - FSN entered
2025-04-30 12:38:24 - ERROR - Error processing FSN BELH9AAAJUKKKG7T: Could not find 'Start Selling' button
2025-04-30 12:38:34 - INFO - No popup appeared
2025-04-30 12:38:34 - INFO - Processing FSN=BELH9AAAGVTTSZGB
2025-04-30 12:38:34 - INFO - FSN entered
2025-04-30 12:38:38 - ERROR - Error processing FSN BELH9AAAGVTTSZGB: Could not find 'Start Selling' button
2025-04-30 12:38:48 - INFO - No popup appeared
2025-04-30 12:38:48 - INFO - Processing FSN=BELH9AAA8MFBYPZP
2025-04-30 12:38:48 - INFO - FSN entered
2025-04-30 12:38:53 - ERROR - Error processing FSN BELH9AAA8MFBYPZP: Could not find 'Start Selling' button
2025-04-30 12:39:03 - INFO - No popup appeared
2025-04-30 12:39:03 - INFO - Processing FSN=BELH9AAABWHGMQAD
2025-04-30 12:39:03 - INFO - FSN entered
2025-04-30 12:39:07 - ERROR - Error processing FSN BELH9AAABWHGMQAD: Could not find 'Start Selling' button
2025-04-30 12:39:17 - INFO - No popup appeared
2025-04-30 12:39:17 - INFO - Processing FSN=BELH9AAA9MEEFM43
2025-04-30 12:39:18 - INFO - FSN entered
2025-04-30 12:39:22 - ERROR - Error processing FSN BELH9AAA9MEEFM43: Could not find 'Start Selling' button
2025-04-30 12:39:32 - INFO - No popup appeared
2025-04-30 12:39:32 - INFO - Processing FSN=BELH9AAAADBD5ERT
2025-04-30 12:39:32 - INFO - FSN entered
2025-04-30 12:39:36 - ERROR - Error processing FSN BELH9AAAADBD5ERT: Could not find 'Start Selling' button
2025-04-30 12:39:47 - INFO - No popup appeared
2025-04-30 12:39:47 - INFO - Processing FSN=BELH2WEMZHSW3XDZ
2025-04-30 12:39:47 - INFO - FSN entered
2025-04-30 12:39:51 - ERROR - Error processing FSN BELH2WEMZHSW3XDZ: Could not find 'Start Selling' button
2025-04-30 12:40:01 - INFO - No popup appeared
2025-04-30 12:40:01 - INFO - Processing FSN=BELH2WEMZPXWRVFB
2025-04-30 12:40:01 - INFO - FSN entered
2025-04-30 12:40:05 - ERROR - Error processing FSN BELH2WEMZPXWRVFB: Could not find 'Start Selling' button
2025-04-30 12:40:16 - INFO - No popup appeared
2025-04-30 12:40:16 - INFO - Processing FSN=BELH2WEMXUBNHAQE
2025-04-30 12:40:16 - INFO - FSN entered
2025-04-30 12:40:20 - ERROR - Error processing FSN BELH2WEMXUBNHAQE: Could not find 'Start Selling' button
2025-04-30 12:40:30 - INFO - No popup appeared
2025-04-30 12:40:30 - INFO - Processing FSN=BELH4XJXUTVJGYER
2025-04-30 12:40:30 - INFO - FSN entered
2025-04-30 12:40:35 - ERROR - Error processing FSN BELH4XJXUTVJGYER: Could not find 'Start Selling' button
2025-04-30 12:40:45 - INFO - No popup appeared
2025-04-30 12:40:45 - INFO - Processing FSN=BELH2WFJPF4UUVUR
2025-04-30 12:40:45 - INFO - FSN entered
2025-04-30 12:40:49 - ERROR - Error processing FSN BELH2WFJPF4UUVUR: Could not find 'Start Selling' button
2025-04-30 12:40:59 - INFO - No popup appeared
2025-04-30 12:40:59 - INFO - Processing FSN=BELH4XJXQPF6PVTR
2025-04-30 12:41:00 - INFO - FSN entered
2025-04-30 12:41:04 - ERROR - Error processing FSN BELH4XJXQPF6PVTR: Could not find 'Start Selling' button
2025-04-30 12:41:14 - INFO - No popup appeared
2025-04-30 12:41:14 - INFO - Processing FSN=BELH2WBG4UF3KZHX
2025-04-30 12:41:14 - INFO - FSN entered
2025-04-30 12:41:18 - ERROR - Error processing FSN BELH2WBG4UF3KZHX: Could not find 'Start Selling' button
2025-04-30 12:41:29 - INFO - No popup appeared
2025-04-30 12:41:29 - INFO - Processing FSN=BELH2WEMHD8EKM4P
2025-04-30 12:41:29 - INFO - FSN entered
2025-04-30 12:41:33 - ERROR - Error processing FSN BELH2WEMHD8EKM4P: Could not find 'Start Selling' button
2025-04-30 12:41:43 - INFO - No popup appeared
2025-04-30 12:41:43 - INFO - Processing FSN=BELH2WEMKFNQH86J
2025-04-30 12:41:44 - INFO - FSN entered
2025-04-30 12:41:48 - ERROR - Error processing FSN BELH2WEMKFNQH86J: Could not find 'Start Selling' button
2025-04-30 12:41:58 - INFO - No popup appeared
2025-04-30 12:41:58 - INFO - Processing FSN=BELH4XJXZVMDUC3U
2025-04-30 12:41:59 - INFO - FSN entered
2025-04-30 12:42:03 - ERROR - Error processing FSN BELH4XJXZVMDUC3U: Could not find 'Start Selling' button
2025-04-30 12:42:13 - INFO - No popup appeared
2025-04-30 12:42:13 - INFO - Processing FSN=BELH2WEMEQWGDM5J
2025-04-30 12:42:13 - INFO - FSN entered
2025-04-30 12:42:18 - ERROR - Error processing FSN BELH2WEMEQWGDM5J: Could not find 'Start Selling' button
2025-04-30 12:42:28 - INFO - No popup appeared
2025-04-30 12:42:28 - INFO - Processing FSN=BELH2WBGDAZ9C7XA
2025-04-30 12:42:28 - INFO - FSN entered
2025-04-30 12:42:32 - ERROR - Error processing FSN BELH2WBGDAZ9C7XA: Could not find 'Start Selling' button
2025-04-30 12:42:43 - INFO - No popup appeared
2025-04-30 12:42:43 - INFO - Processing FSN=BELH2WEMPHXJJCAE
2025-04-30 12:42:43 - INFO - FSN entered
2025-04-30 12:42:47 - ERROR - Error processing FSN BELH2WEMPHXJJCAE: Could not find 'Start Selling' button
2025-04-30 12:42:57 - INFO - No popup appeared
2025-04-30 12:42:57 - INFO - Processing FSN=BELH4XJXZSAJXZDT
2025-04-30 12:42:58 - INFO - FSN entered
2025-04-30 12:43:02 - ERROR - Error processing FSN BELH4XJXZSAJXZDT: Could not find 'Start Selling' button
2025-04-30 12:43:12 - INFO - No popup appeared
2025-04-30 12:43:12 - INFO - Processing FSN=BELH4XJXPFG7EPEW
2025-04-30 12:43:12 - INFO - FSN entered
2025-04-30 12:43:16 - ERROR - Error processing FSN BELH4XJXPFG7EPEW: Could not find 'Start Selling' button
2025-04-30 12:43:27 - INFO - No popup appeared
2025-04-30 12:43:27 - INFO - Processing FSN=BELH4XJXHQ77HGDM
2025-04-30 12:43:27 - INFO - FSN entered
2025-04-30 12:43:31 - ERROR - Error processing FSN BELH4XJXHQ77HGDM: Could not find 'Start Selling' button
2025-04-30 12:43:41 - INFO - No popup appeared
2025-04-30 12:43:41 - INFO - Processing FSN=BELH2WFJY6CBHG4B
2025-04-30 12:43:42 - INFO - FSN entered
2025-04-30 12:43:46 - ERROR - Error processing FSN BELH2WFJY6CBHG4B: Could not find 'Start Selling' button
2025-04-30 12:43:56 - INFO - No popup appeared
2025-04-30 12:43:56 - INFO - Processing FSN=BELH2WFJFRZBYHKD
2025-04-30 12:43:56 - INFO - FSN entered
2025-04-30 12:44:01 - ERROR - Error processing FSN BELH2WFJFRZBYHKD: Could not find 'Start Selling' button
2025-04-30 12:44:11 - INFO - No popup appeared
2025-04-30 12:44:11 - INFO - Processing FSN=BELH4XJXB2ZHFKH8
2025-04-30 12:44:11 - INFO - FSN entered
2025-04-30 12:44:15 - ERROR - Error processing FSN BELH4XJXB2ZHFKH8: Could not find 'Start Selling' button
2025-04-30 12:44:26 - INFO - No popup appeared
2025-04-30 12:44:26 - INFO - Processing FSN=BELH2WBGAY7KXGPC
2025-04-30 12:44:26 - INFO - FSN entered
2025-04-30 12:44:30 - ERROR - Error processing FSN BELH2WBGAY7KXGPC: Could not find 'Start Selling' button
2025-04-30 12:44:40 - INFO - No popup appeared
2025-04-30 12:44:40 - INFO - Processing FSN=BELH2WBGGNHCGSWB
2025-04-30 12:44:40 - INFO - FSN entered
2025-04-30 12:44:45 - ERROR - Error processing FSN BELH2WBGGNHCGSWB: Could not find 'Start Selling' button
2025-04-30 12:44:55 - INFO - No popup appeared
2025-04-30 12:44:55 - INFO - Processing FSN=BELH2WEMPQJCSYB8
2025-04-30 12:44:55 - INFO - FSN entered
2025-04-30 12:44:59 - ERROR - Error processing FSN BELH2WEMPQJCSYB8: Could not find 'Start Selling' button
2025-04-30 12:45:10 - INFO - No popup appeared
2025-04-30 12:45:10 - INFO - Processing FSN=BELH2WEMESHZXRET
2025-04-30 12:45:10 - INFO - FSN entered
2025-04-30 12:45:14 - ERROR - Error processing FSN BELH2WEMESHZXRET: Could not find 'Start Selling' button
2025-04-30 12:45:24 - INFO - No popup appeared
2025-04-30 12:45:24 - INFO - Processing FSN=BELH2WBGYMCZZFRZ
2025-04-30 12:45:25 - INFO - FSN entered
2025-04-30 12:45:29 - ERROR - Error processing FSN BELH2WBGYMCZZFRZ: Could not find 'Start Selling' button
2025-04-30 12:45:39 - INFO - No popup appeared
2025-04-30 12:45:39 - INFO - Processing FSN=BELH2WEMHBY9NDXT
2025-04-30 12:45:40 - INFO - FSN entered
2025-04-30 12:45:44 - ERROR - Error processing FSN BELH2WEMHBY9NDXT: Could not find 'Start Selling' button
2025-04-30 12:45:54 - INFO - No popup appeared
2025-04-30 12:45:54 - INFO - Processing FSN=BELH2WBGAMDY9PQG
2025-04-30 12:45:54 - INFO - FSN entered
2025-04-30 12:45:58 - ERROR - Error processing FSN BELH2WBGAMDY9PQG: Could not find 'Start Selling' button
2025-04-30 12:46:09 - INFO - No popup appeared
2025-04-30 12:46:09 - INFO - Processing FSN=BELH2WBGHAY2KJXK
2025-04-30 12:46:09 - INFO - FSN entered
2025-04-30 12:46:13 - ERROR - Error processing FSN BELH2WBGHAY2KJXK: Could not find 'Start Selling' button
2025-04-30 12:46:24 - INFO - No popup appeared
2025-04-30 12:46:24 - INFO - Processing FSN=BELH2WEMWRZJZJWY
2025-04-30 12:46:24 - INFO - FSN entered
2025-04-30 12:46:28 - ERROR - Error processing FSN BELH2WEMWRZJZJWY: Could not find 'Start Selling' button
2025-04-30 12:46:38 - INFO - No popup appeared
2025-04-30 12:46:38 - INFO - Processing FSN=BELH2WBGEKZBDG7Y
2025-04-30 12:46:39 - INFO - FSN entered
2025-04-30 12:46:43 - ERROR - Error processing FSN BELH2WBGEKZBDG7Y: Could not find 'Start Selling' button
2025-04-30 12:46:53 - INFO - No popup appeared
2025-04-30 12:46:53 - INFO - Processing FSN=BELH2WFJPGZP6XUA
2025-04-30 12:46:53 - INFO - FSN entered
2025-04-30 12:46:58 - ERROR - Error processing FSN BELH2WFJPGZP6XUA: Could not find 'Start Selling' button
2025-04-30 12:47:08 - INFO - No popup appeared
2025-04-30 12:47:08 - INFO - Processing FSN=BELH2WEMDD62HFFJ
2025-04-30 12:47:08 - INFO - FSN entered
2025-04-30 12:47:12 - ERROR - Error processing FSN BELH2WEMDD62HFFJ: Could not find 'Start Selling' button
2025-04-30 12:47:23 - INFO - No popup appeared
2025-04-30 12:47:23 - INFO - Processing FSN=BELH2WFJSTV4HXN9
2025-04-30 12:47:23 - INFO - FSN entered
2025-04-30 12:47:27 - ERROR - Error processing FSN BELH2WFJSTV4HXN9: Could not find 'Start Selling' button
2025-04-30 12:47:37 - INFO - No popup appeared
2025-04-30 12:47:37 - INFO - Processing FSN=BELH2WBG7Z7AW5R2
2025-04-30 12:47:38 - INFO - FSN entered
2025-04-30 12:47:42 - ERROR - Error processing FSN BELH2WBG7Z7AW5R2: Could not find 'Start Selling' button
2025-04-30 12:47:52 - INFO - No popup appeared
2025-04-30 12:47:52 - INFO - Processing FSN=BELH4XJXU7SCZENW
2025-04-30 12:47:52 - INFO - FSN entered
2025-04-30 12:47:57 - ERROR - Error processing FSN BELH4XJXU7SCZENW: Could not find 'Start Selling' button
2025-04-30 12:48:07 - INFO - No popup appeared
2025-04-30 12:48:07 - INFO - Processing FSN=BELH2WEMHTHWEHNP
2025-04-30 12:48:07 - INFO - FSN entered
2025-04-30 12:48:11 - ERROR - Error processing FSN BELH2WEMHTHWEHNP: Could not find 'Start Selling' button
2025-04-30 12:48:22 - INFO - No popup appeared
2025-04-30 12:48:22 - INFO - Processing FSN=BELH4XJXMXMTHZR2
2025-04-30 12:48:22 - INFO - FSN entered
2025-04-30 12:48:26 - ERROR - Error processing FSN BELH4XJXMXMTHZR2: Could not find 'Start Selling' button
2025-04-30 12:48:36 - INFO - No popup appeared
2025-04-30 12:48:36 - INFO - Processing FSN=BELH2WBGHEEZCD54
2025-04-30 12:48:37 - INFO - FSN entered
2025-04-30 12:48:41 - ERROR - Error processing FSN BELH2WBGHEEZCD54: Could not find 'Start Selling' button
2025-04-30 12:48:51 - INFO - No popup appeared
2025-04-30 12:48:51 - INFO - Processing FSN=BELH2WFJPUXZ5FGQ
2025-04-30 12:48:51 - INFO - FSN entered
2025-04-30 12:48:56 - ERROR - Error processing FSN BELH2WFJPUXZ5FGQ: Could not find 'Start Selling' button
2025-04-30 12:49:06 - INFO - No popup appeared
2025-04-30 12:49:06 - INFO - Processing FSN=BELH2WBG8HJQPF2F
2025-04-30 12:49:06 - INFO - FSN entered
2025-04-30 12:49:10 - ERROR - Error processing FSN BELH2WBG8HJQPF2F: Could not find 'Start Selling' button
2025-04-30 12:49:21 - INFO - No popup appeared
2025-04-30 12:49:21 - INFO - Processing FSN=BELH2WFJYDKHTHEG
2025-04-30 12:49:21 - INFO - FSN entered
2025-04-30 12:49:25 - INFO - Clicked Start Selling
2025-04-30 12:49:36 - INFO - Selected 'ACTIVE' in dropdown
2025-04-30 12:49:38 - WARNING - Failed sending keys: Message: invalid element state
  (Session info: chrome=135.0.7049.116)
Stacktrace:
	GetHandleVerifier [0x00007FF7C40AEFA5+77893]
	GetHandleVerifier [0x00007FF7C40AF000+77984]
	(No symbol) [0x00007FF7C3E78FEC]
	(No symbol) [0x00007FF7C3EC45C5]
	(No symbol) [0x00007FF7C3EF712A]
	(No symbol) [0x00007FF7C3EC19E6]
	(No symbol) [0x00007FF7C3EF7340]
	(No symbol) [0x00007FF7C3F1F07F]
	(No symbol) [0x00007FF7C3EF6F03]
	(No symbol) [0x00007FF7C3EC0328]
	(No symbol) [0x00007FF7C3EC1093]
	GetHandleVerifier [0x00007FF7C4367B6D+2931725]
	GetHandleVerifier [0x00007FF7C4362132+2908626]
	GetHandleVerifier [0x00007FF7C43800F3+3031443]
	GetHandleVerifier [0x00007FF7C40C91EA+184970]
	GetHandleVerifier [0x00007FF7C40D086F+215311]
	GetHandleVerifier [0x00007FF7C40B6EC4+110436]
	GetHandleVerifier [0x00007FF7C40B7072+110866]
	GetHandleVerifier [0x00007FF7C409D479+5401]
	BaseThreadInitThunk [0x00007FFAE57AE8D7+23]
	RtlUserThreadStart [0x00007FFAE59D14FC+44]

2025-04-30 12:49:42 - INFO - Selected 'SELLER' in dropdown
2025-04-30 12:49:46 - INFO - Selected 'EXPRESS' in dropdown
2025-04-30 12:49:51 - INFO - Selected 'FLIPKART' in dropdown
2025-04-30 12:49:59 - INFO - Selected 'GST_APPAREL' in dropdown
2025-04-30 12:50:03 - INFO - Selected 'INDIA' in dropdown
2025-04-30 12:50:05 - INFO - Submit clicked (Attempt 1)
2025-04-30 12:50:10 - WARNING - Submit button still present after attempt 1
2025-04-30 12:50:10 - INFO - Submit clicked (Attempt 2)
2025-04-30 12:50:15 - WARNING - Submit button still present after attempt 2
2025-04-30 12:50:15 - INFO - Submit clicked (Attempt 3)
2025-04-30 12:50:20 - WARNING - Submit button still present after attempt 3
2025-04-30 12:50:21 - INFO - Submit clicked (Attempt 4)
2025-04-30 12:50:26 - WARNING - Submit button still present after attempt 4
2025-04-30 12:50:26 - INFO - Submit clicked (Attempt 5)
2025-04-30 12:50:31 - WARNING - Submit button still present after attempt 5
2025-04-30 12:50:31 - ERROR - Submit failed after 5 attempts.
2025-04-30 12:50:41 - INFO - No popup appeared
2025-04-30 12:50:41 - INFO - Processing FSN=BELH2WFJJBPRGXFE
2025-04-30 12:50:41 - INFO - FSN entered
2025-04-30 12:50:45 - ERROR - Error processing FSN BELH2WFJJBPRGXFE: Could not find 'Start Selling' button
2025-04-30 12:50:56 - INFO - No popup appeared
2025-04-30 12:50:56 - INFO - Processing FSN=BELH2WFJKUM2FZB6
2025-04-30 12:50:56 - INFO - FSN entered
2025-04-30 12:51:00 - ERROR - Error processing FSN BELH2WFJKUM2FZB6: Could not find 'Start Selling' button
2025-04-30 12:51:10 - INFO - No popup appeared
2025-04-30 12:51:10 - INFO - Processing FSN=BELH2WBGQ3CX98UF
2025-04-30 12:51:11 - INFO - FSN entered
2025-04-30 12:51:15 - ERROR - Error processing FSN BELH2WBGQ3CX98UF: Could not find 'Start Selling' button
2025-04-30 12:51:25 - INFO - No popup appeared
2025-04-30 12:51:25 - INFO - Processing FSN=BELH2WEM4FUHEAQS
2025-04-30 12:51:25 - INFO - FSN entered
2025-04-30 12:51:29 - ERROR - Error processing FSN BELH2WEM4FUHEAQS: Could not find 'Start Selling' button
2025-04-30 12:51:40 - INFO - No popup appeared
2025-04-30 12:51:40 - INFO - Processing FSN=BELH2WBGURTJT5ZZ
2025-04-30 12:51:40 - INFO - FSN entered
2025-04-30 12:51:44 - ERROR - Error processing FSN BELH2WBGURTJT5ZZ: Could not find 'Start Selling' button
2025-04-30 12:51:54 - INFO - No popup appeared
2025-04-30 12:51:54 - INFO - Processing FSN=BELH2WEMF9BXGP2T
2025-04-30 12:51:54 - INFO - FSN entered
2025-04-30 12:51:59 - ERROR - Error processing FSN BELH2WEMF9BXGP2T: Could not find 'Start Selling' button
2025-04-30 12:52:09 - INFO - No popup appeared
2025-04-30 12:52:09 - INFO - Processing FSN=BELH2WBG4H352ZDP
2025-04-30 12:52:09 - INFO - FSN entered
2025-04-30 12:52:13 - INFO - Clicked Start Selling
2025-04-30 12:52:24 - INFO - Selected 'ACTIVE' in dropdown
2025-04-30 12:52:26 - WARNING - Failed sending keys: Message: invalid element state
  (Session info: chrome=135.0.7049.116)
Stacktrace:
	GetHandleVerifier [0x00007FF7C40AEFA5+77893]
	GetHandleVerifier [0x00007FF7C40AF000+77984]
	(No symbol) [0x00007FF7C3E78FEC]
	(No symbol) [0x00007FF7C3EC45C5]
	(No symbol) [0x00007FF7C3EF712A]
	(No symbol) [0x00007FF7C3EC19E6]
	(No symbol) [0x00007FF7C3EF7340]
	(No symbol) [0x00007FF7C3F1F07F]
	(No symbol) [0x00007FF7C3EF6F03]
	(No symbol) [0x00007FF7C3EC0328]
	(No symbol) [0x00007FF7C3EC1093]
	GetHandleVerifier [0x00007FF7C4367B6D+2931725]
	GetHandleVerifier [0x00007FF7C4362132+2908626]
	GetHandleVerifier [0x00007FF7C43800F3+3031443]
	GetHandleVerifier [0x00007FF7C40C91EA+184970]
	GetHandleVerifier [0x00007FF7C40D086F+215311]
	GetHandleVerifier [0x00007FF7C40B6EC4+110436]
	GetHandleVerifier [0x00007FF7C40B7072+110866]
	GetHandleVerifier [0x00007FF7C409D479+5401]
	BaseThreadInitThunk [0x00007FFAE57AE8D7+23]
	RtlUserThreadStart [0x00007FFAE59D14FC+44]

2025-04-30 12:52:30 - INFO - Selected 'SELLER' in dropdown
2025-04-30 12:52:34 - INFO - Selected 'EXPRESS' in dropdown
2025-04-30 12:52:39 - INFO - Selected 'FLIPKART' in dropdown
2025-04-30 12:52:47 - INFO - Selected 'GST_APPAREL' in dropdown
2025-04-30 12:52:51 - INFO - Selected 'INDIA' in dropdown
2025-04-30 12:52:53 - INFO - Submit clicked (Attempt 1)
2025-04-30 12:52:58 - INFO - Submit button disappeared after click.
2025-04-30 12:53:08 - INFO - No popup appeared
2025-04-30 12:53:08 - INFO - Processing FSN=BELH2WBGG2HPTSB3
2025-04-30 12:53:08 - INFO - FSN entered
2025-04-30 12:53:13 - INFO - Clicked Start Selling
2025-04-30 12:53:23 - INFO - Selected 'ACTIVE' in dropdown
2025-04-30 12:53:25 - WARNING - Failed sending keys: Message: invalid element state
  (Session info: chrome=135.0.7049.116)
Stacktrace:
	GetHandleVerifier [0x00007FF7C40AEFA5+77893]
	GetHandleVerifier [0x00007FF7C40AF000+77984]
	(No symbol) [0x00007FF7C3E78FEC]
	(No symbol) [0x00007FF7C3EC45C5]
	(No symbol) [0x00007FF7C3EF712A]
	(No symbol) [0x00007FF7C3EC19E6]
	(No symbol) [0x00007FF7C3EF7340]
	(No symbol) [0x00007FF7C3F1F07F]
	(No symbol) [0x00007FF7C3EF6F03]
	(No symbol) [0x00007FF7C3EC0328]
	(No symbol) [0x00007FF7C3EC1093]
	GetHandleVerifier [0x00007FF7C4367B6D+2931725]
	GetHandleVerifier [0x00007FF7C4362132+2908626]
	GetHandleVerifier [0x00007FF7C43800F3+3031443]
	GetHandleVerifier [0x00007FF7C40C91EA+184970]
	GetHandleVerifier [0x00007FF7C40D086F+215311]
	GetHandleVerifier [0x00007FF7C40B6EC4+110436]
	GetHandleVerifier [0x00007FF7C40B7072+110866]
	GetHandleVerifier [0x00007FF7C409D479+5401]
	BaseThreadInitThunk [0x00007FFAE57AE8D7+23]
	RtlUserThreadStart [0x00007FFAE59D14FC+44]

2025-04-30 12:53:29 - INFO - Selected 'SELLER' in dropdown
2025-04-30 12:53:33 - INFO - Selected 'EXPRESS' in dropdown
2025-04-30 12:53:38 - INFO - Selected 'FLIPKART' in dropdown
2025-04-30 12:53:47 - INFO - Selected 'GST_APPAREL' in dropdown
2025-04-30 12:53:50 - INFO - Selected 'INDIA' in dropdown
2025-04-30 12:53:52 - INFO - Submit clicked (Attempt 1)
2025-04-30 12:53:57 - INFO - Submit button disappeared after click.
2025-04-30 12:54:07 - INFO - No popup appeared
2025-04-30 12:54:07 - INFO - Processing FSN=BELH2WFJCMZQCGQ2
2025-04-30 12:54:08 - INFO - FSN entered
2025-04-30 12:54:12 - INFO - Clicked Start Selling
2025-04-30 12:54:22 - INFO - Selected 'ACTIVE' in dropdown
2025-04-30 12:54:24 - WARNING - Failed sending keys: Message: invalid element state
  (Session info: chrome=135.0.7049.116)
Stacktrace:
	GetHandleVerifier [0x00007FF7C40AEFA5+77893]
	GetHandleVerifier [0x00007FF7C40AF000+77984]
	(No symbol) [0x00007FF7C3E78FEC]
	(No symbol) [0x00007FF7C3EC45C5]
	(No symbol) [0x00007FF7C3EF712A]
	(No symbol) [0x00007FF7C3EC19E6]
	(No symbol) [0x00007FF7C3EF7340]
	(No symbol) [0x00007FF7C3F1F07F]
	(No symbol) [0x00007FF7C3EF6F03]
	(No symbol) [0x00007FF7C3EC0328]
	(No symbol) [0x00007FF7C3EC1093]
	GetHandleVerifier [0x00007FF7C4367B6D+2931725]
	GetHandleVerifier [0x00007FF7C4362132+2908626]
	GetHandleVerifier [0x00007FF7C43800F3+3031443]
	GetHandleVerifier [0x00007FF7C40C91EA+184970]
	GetHandleVerifier [0x00007FF7C40D086F+215311]
	GetHandleVerifier [0x00007FF7C40B6EC4+110436]
	GetHandleVerifier [0x00007FF7C40B7072+110866]
	GetHandleVerifier [0x00007FF7C409D479+5401]
	BaseThreadInitThunk [0x00007FFAE57AE8D7+23]
	RtlUserThreadStart [0x00007FFAE59D14FC+44]

2025-04-30 12:54:28 - INFO - Selected 'SELLER' in dropdown
2025-04-30 12:54:32 - INFO - Selected 'EXPRESS' in dropdown
2025-04-30 12:54:37 - INFO - Selected 'FLIPKART' in dropdown
2025-04-30 12:54:45 - INFO - Selected 'GST_APPAREL' in dropdown
2025-04-30 12:54:49 - INFO - Selected 'INDIA' in dropdown
2025-04-30 12:54:51 - INFO - Submit clicked (Attempt 1)
2025-04-30 12:54:56 - INFO - Submit button disappeared after click.
2025-04-30 12:55:07 - INFO - No popup appeared
2025-04-30 12:55:07 - INFO - Processing FSN=BELH2WBGTHAYGQBU
2025-04-30 12:55:07 - INFO - FSN entered
2025-04-30 12:55:11 - INFO - Clicked Start Selling
2025-04-30 12:55:22 - INFO - Selected 'ACTIVE' in dropdown
2025-04-30 12:55:24 - WARNING - Failed sending keys: Message: invalid element state
  (Session info: chrome=135.0.7049.116)
Stacktrace:
	GetHandleVerifier [0x00007FF7C40AEFA5+77893]
	GetHandleVerifier [0x00007FF7C40AF000+77984]
	(No symbol) [0x00007FF7C3E78FEC]
	(No symbol) [0x00007FF7C3EC45C5]
	(No symbol) [0x00007FF7C3EF712A]
	(No symbol) [0x00007FF7C3EC19E6]
	(No symbol) [0x00007FF7C3EF7340]
	(No symbol) [0x00007FF7C3F1F07F]
	(No symbol) [0x00007FF7C3EF6F03]
	(No symbol) [0x00007FF7C3EC0328]
	(No symbol) [0x00007FF7C3EC1093]
	GetHandleVerifier [0x00007FF7C4367B6D+2931725]
	GetHandleVerifier [0x00007FF7C4362132+2908626]
	GetHandleVerifier [0x00007FF7C43800F3+3031443]
	GetHandleVerifier [0x00007FF7C40C91EA+184970]
	GetHandleVerifier [0x00007FF7C40D086F+215311]
	GetHandleVerifier [0x00007FF7C40B6EC4+110436]
	GetHandleVerifier [0x00007FF7C40B7072+110866]
	GetHandleVerifier [0x00007FF7C409D479+5401]
	BaseThreadInitThunk [0x00007FFAE57AE8D7+23]
	RtlUserThreadStart [0x00007FFAE59D14FC+44]

2025-04-30 12:55:28 - INFO - Selected 'SELLER' in dropdown
2025-04-30 12:55:31 - INFO - Selected 'EXPRESS' in dropdown
2025-04-30 12:55:37 - INFO - Selected 'FLIPKART' in dropdown
2025-04-30 12:55:45 - INFO - Selected 'GST_APPAREL' in dropdown
2025-04-30 12:55:49 - INFO - Selected 'INDIA' in dropdown
2025-04-30 12:55:50 - INFO - Submit clicked (Attempt 1)
2025-04-30 12:55:55 - INFO - Submit button disappeared after click.
2025-04-30 12:56:06 - INFO - No popup appeared
2025-04-30 12:56:06 - INFO - Processing FSN=BELH2WBGB3MJMRHP
2025-04-30 12:56:06 - INFO - FSN entered
2025-04-30 12:56:10 - INFO - Clicked Start Selling
2025-04-30 12:56:21 - INFO - Selected 'ACTIVE' in dropdown
2025-04-30 12:56:23 - WARNING - Failed sending keys: Message: invalid element state
  (Session info: chrome=135.0.7049.116)
Stacktrace:
	GetHandleVerifier [0x00007FF7C40AEFA5+77893]
	GetHandleVerifier [0x00007FF7C40AF000+77984]
	(No symbol) [0x00007FF7C3E78FEC]
	(No symbol) [0x00007FF7C3EC45C5]
	(No symbol) [0x00007FF7C3EF712A]
	(No symbol) [0x00007FF7C3EC19E6]
	(No symbol) [0x00007FF7C3EF7340]
	(No symbol) [0x00007FF7C3F1F07F]
	(No symbol) [0x00007FF7C3EF6F03]
	(No symbol) [0x00007FF7C3EC0328]
	(No symbol) [0x00007FF7C3EC1093]
	GetHandleVerifier [0x00007FF7C4367B6D+2931725]
	GetHandleVerifier [0x00007FF7C4362132+2908626]
	GetHandleVerifier [0x00007FF7C43800F3+3031443]
	GetHandleVerifier [0x00007FF7C40C91EA+184970]
	GetHandleVerifier [0x00007FF7C40D086F+215311]
	GetHandleVerifier [0x00007FF7C40B6EC4+110436]
	GetHandleVerifier [0x00007FF7C40B7072+110866]
	GetHandleVerifier [0x00007FF7C409D479+5401]
	BaseThreadInitThunk [0x00007FFAE57AE8D7+23]
	RtlUserThreadStart [0x00007FFAE59D14FC+44]

2025-04-30 12:56:27 - INFO - Selected 'SELLER' in dropdown
2025-04-30 12:56:30 - INFO - Selected 'EXPRESS' in dropdown
2025-04-30 12:56:36 - INFO - Selected 'FLIPKART' in dropdown
2025-04-30 12:56:44 - INFO - Selected 'GST_APPAREL' in dropdown
2025-04-30 12:56:48 - INFO - Selected 'INDIA' in dropdown
2025-04-30 12:56:50 - INFO - Submit clicked (Attempt 1)
2025-04-30 12:56:55 - INFO - Submit button disappeared after click.
2025-04-30 12:57:05 - INFO - No popup appeared
2025-04-30 12:57:05 - INFO - Processing FSN=BELH2WBGZE6XRV3E
2025-04-30 12:57:05 - INFO - FSN entered
2025-04-30 12:57:10 - INFO - Clicked Start Selling
2025-04-30 12:57:20 - INFO - Selected 'ACTIVE' in dropdown
2025-04-30 12:57:22 - WARNING - Failed sending keys: Message: invalid element state
  (Session info: chrome=135.0.7049.116)
Stacktrace:
	GetHandleVerifier [0x00007FF7C40AEFA5+77893]
	GetHandleVerifier [0x00007FF7C40AF000+77984]
	(No symbol) [0x00007FF7C3E78FEC]
	(No symbol) [0x00007FF7C3EC45C5]
	(No symbol) [0x00007FF7C3EF712A]
	(No symbol) [0x00007FF7C3EC19E6]
	(No symbol) [0x00007FF7C3EF7340]
	(No symbol) [0x00007FF7C3F1F07F]
	(No symbol) [0x00007FF7C3EF6F03]
	(No symbol) [0x00007FF7C3EC0328]
	(No symbol) [0x00007FF7C3EC1093]
	GetHandleVerifier [0x00007FF7C4367B6D+2931725]
	GetHandleVerifier [0x00007FF7C4362132+2908626]
	GetHandleVerifier [0x00007FF7C43800F3+3031443]
	GetHandleVerifier [0x00007FF7C40C91EA+184970]
	GetHandleVerifier [0x00007FF7C40D086F+215311]
	GetHandleVerifier [0x00007FF7C40B6EC4+110436]
	GetHandleVerifier [0x00007FF7C40B7072+110866]
	GetHandleVerifier [0x00007FF7C409D479+5401]
	BaseThreadInitThunk [0x00007FFAE57AE8D7+23]
	RtlUserThreadStart [0x00007FFAE59D14FC+44]

2025-04-30 12:57:26 - INFO - Selected 'SELLER' in dropdown
2025-04-30 12:57:30 - INFO - Selected 'EXPRESS' in dropdown
2025-04-30 12:57:35 - INFO - Selected 'FLIPKART' in dropdown
2025-04-30 12:57:44 - INFO - Selected 'GST_APPAREL' in dropdown
2025-04-30 12:57:47 - INFO - Selected 'INDIA' in dropdown
2025-04-30 12:57:49 - INFO - Submit clicked (Attempt 1)
2025-04-30 12:57:54 - INFO - Submit button disappeared after click.
2025-04-30 12:58:05 - INFO - No popup appeared
2025-04-30 12:58:05 - INFO - Processing FSN=BELH4XJXRZSDPQGQ
2025-04-30 12:58:05 - INFO - FSN entered
2025-04-30 12:58:09 - INFO - Clicked Start Selling
2025-04-30 12:58:19 - INFO - Selected 'ACTIVE' in dropdown
2025-04-30 12:58:22 - WARNING - Failed sending keys: Message: invalid element state
  (Session info: chrome=135.0.7049.116)
Stacktrace:
	GetHandleVerifier [0x00007FF7C40AEFA5+77893]
	GetHandleVerifier [0x00007FF7C40AF000+77984]
	(No symbol) [0x00007FF7C3E78FEC]
	(No symbol) [0x00007FF7C3EC45C5]
	(No symbol) [0x00007FF7C3EF712A]
	(No symbol) [0x00007FF7C3EC19E6]
	(No symbol) [0x00007FF7C3EF7340]
	(No symbol) [0x00007FF7C3F1F07F]
	(No symbol) [0x00007FF7C3EF6F03]
	(No symbol) [0x00007FF7C3EC0328]
	(No symbol) [0x00007FF7C3EC1093]
	GetHandleVerifier [0x00007FF7C4367B6D+2931725]
	GetHandleVerifier [0x00007FF7C4362132+2908626]
	GetHandleVerifier [0x00007FF7C43800F3+3031443]
	GetHandleVerifier [0x00007FF7C40C91EA+184970]
	GetHandleVerifier [0x00007FF7C40D086F+215311]
	GetHandleVerifier [0x00007FF7C40B6EC4+110436]
	GetHandleVerifier [0x00007FF7C40B7072+110866]
	GetHandleVerifier [0x00007FF7C409D479+5401]
	BaseThreadInitThunk [0x00007FFAE57AE8D7+23]
	RtlUserThreadStart [0x00007FFAE59D14FC+44]

2025-04-30 12:58:25 - INFO - Selected 'SELLER' in dropdown
2025-04-30 12:58:29 - INFO - Selected 'EXPRESS' in dropdown
2025-04-30 12:58:34 - INFO - Selected 'FLIPKART' in dropdown
2025-04-30 12:58:43 - INFO - Selected 'GST_APPAREL' in dropdown
2025-04-30 12:58:46 - INFO - Selected 'INDIA' in dropdown
2025-04-30 12:58:48 - INFO - Submit clicked (Attempt 1)
2025-04-30 12:58:53 - INFO - Submit button disappeared after click.
2025-04-30 12:59:04 - INFO - No popup appeared
2025-04-30 12:59:04 - INFO - Processing FSN=BELH2WBGMZETSFZC
2025-04-30 12:59:04 - INFO - FSN entered
2025-04-30 12:59:08 - INFO - Clicked Start Selling
2025-04-30 12:59:18 - INFO - Selected 'ACTIVE' in dropdown
2025-04-30 12:59:21 - WARNING - Failed sending keys: Message: invalid element state
  (Session info: chrome=135.0.7049.116)
Stacktrace:
	GetHandleVerifier [0x00007FF7C40AEFA5+77893]
	GetHandleVerifier [0x00007FF7C40AF000+77984]
	(No symbol) [0x00007FF7C3E78FEC]
	(No symbol) [0x00007FF7C3EC45C5]
	(No symbol) [0x00007FF7C3EF712A]
	(No symbol) [0x00007FF7C3EC19E6]
	(No symbol) [0x00007FF7C3EF7340]
	(No symbol) [0x00007FF7C3F1F07F]
	(No symbol) [0x00007FF7C3EF6F03]
	(No symbol) [0x00007FF7C3EC0328]
	(No symbol) [0x00007FF7C3EC1093]
	GetHandleVerifier [0x00007FF7C4367B6D+2931725]
	GetHandleVerifier [0x00007FF7C4362132+2908626]
	GetHandleVerifier [0x00007FF7C43800F3+3031443]
	GetHandleVerifier [0x00007FF7C40C91EA+184970]
	GetHandleVerifier [0x00007FF7C40D086F+215311]
	GetHandleVerifier [0x00007FF7C40B6EC4+110436]
	GetHandleVerifier [0x00007FF7C40B7072+110866]
	GetHandleVerifier [0x00007FF7C409D479+5401]
	BaseThreadInitThunk [0x00007FFAE57AE8D7+23]
	RtlUserThreadStart [0x00007FFAE59D14FC+44]

2025-04-30 12:59:25 - INFO - Selected 'SELLER' in dropdown
2025-04-30 12:59:28 - INFO - Selected 'EXPRESS' in dropdown
2025-04-30 12:59:34 - INFO - Selected 'FLIPKART' in dropdown
2025-04-30 12:59:42 - INFO - Selected 'GST_APPAREL' in dropdown
2025-04-30 12:59:46 - INFO - Selected 'INDIA' in dropdown
2025-04-30 12:59:47 - INFO - Submit clicked (Attempt 1)
2025-04-30 12:59:52 - INFO - Submit button disappeared after click.
2025-04-30 13:00:03 - INFO - No popup appeared
2025-04-30 13:00:03 - INFO - Processing FSN=BELH4XJXHFHQEZD4
2025-04-30 13:00:03 - INFO - FSN entered
2025-04-30 13:00:07 - INFO - Clicked Start Selling
2025-04-30 13:00:18 - INFO - Selected 'ACTIVE' in dropdown
2025-04-30 13:00:20 - WARNING - Failed sending keys: Message: invalid element state
  (Session info: chrome=135.0.7049.116)
Stacktrace:
	GetHandleVerifier [0x00007FF7C40AEFA5+77893]
	GetHandleVerifier [0x00007FF7C40AF000+77984]
	(No symbol) [0x00007FF7C3E78FEC]
	(No symbol) [0x00007FF7C3EC45C5]
	(No symbol) [0x00007FF7C3EF712A]
	(No symbol) [0x00007FF7C3EC19E6]
	(No symbol) [0x00007FF7C3EF7340]
	(No symbol) [0x00007FF7C3F1F07F]
	(No symbol) [0x00007FF7C3EF6F03]
	(No symbol) [0x00007FF7C3EC0328]
	(No symbol) [0x00007FF7C3EC1093]
	GetHandleVerifier [0x00007FF7C4367B6D+2931725]
	GetHandleVerifier [0x00007FF7C4362132+2908626]
	GetHandleVerifier [0x00007FF7C43800F3+3031443]
	GetHandleVerifier [0x00007FF7C40C91EA+184970]
	GetHandleVerifier [0x00007FF7C40D086F+215311]
	GetHandleVerifier [0x00007FF7C40B6EC4+110436]
	GetHandleVerifier [0x00007FF7C40B7072+110866]
	GetHandleVerifier [0x00007FF7C409D479+5401]
	BaseThreadInitThunk [0x00007FFAE57AE8D7+23]
	RtlUserThreadStart [0x00007FFAE59D14FC+44]

2025-04-30 13:00:24 - INFO - Selected 'SELLER' in dropdown
2025-04-30 13:00:27 - INFO - Selected 'EXPRESS' in dropdown
2025-04-30 13:00:33 - INFO - Selected 'FLIPKART' in dropdown
2025-04-30 13:00:41 - INFO - Selected 'GST_APPAREL' in dropdown
2025-04-30 13:00:45 - INFO - Selected 'INDIA' in dropdown
2025-04-30 13:00:47 - INFO - Submit clicked (Attempt 1)
2025-04-30 13:00:52 - INFO - Submit button disappeared after click.
2025-04-30 13:01:02 - INFO - No popup appeared
2025-04-30 13:01:02 - INFO - Processing FSN=BELH2WBGVAXMTZCH
2025-04-30 13:01:02 - INFO - FSN entered
2025-04-30 13:01:06 - INFO - Clicked Start Selling
2025-04-30 13:01:17 - INFO - Selected 'ACTIVE' in dropdown
2025-04-30 13:01:19 - WARNING - Failed sending keys: Message: invalid element state
  (Session info: chrome=135.0.7049.116)
Stacktrace:
	GetHandleVerifier [0x00007FF7C40AEFA5+77893]
	GetHandleVerifier [0x00007FF7C40AF000+77984]
	(No symbol) [0x00007FF7C3E78FEC]
	(No symbol) [0x00007FF7C3EC45C5]
	(No symbol) [0x00007FF7C3EF712A]
	(No symbol) [0x00007FF7C3EC19E6]
	(No symbol) [0x00007FF7C3EF7340]
	(No symbol) [0x00007FF7C3F1F07F]
	(No symbol) [0x00007FF7C3EF6F03]
	(No symbol) [0x00007FF7C3EC0328]
	(No symbol) [0x00007FF7C3EC1093]
	GetHandleVerifier [0x00007FF7C4367B6D+2931725]
	GetHandleVerifier [0x00007FF7C4362132+2908626]
	GetHandleVerifier [0x00007FF7C43800F3+3031443]
	GetHandleVerifier [0x00007FF7C40C91EA+184970]
	GetHandleVerifier [0x00007FF7C40D086F+215311]
	GetHandleVerifier [0x00007FF7C40B6EC4+110436]
	GetHandleVerifier [0x00007FF7C40B7072+110866]
	GetHandleVerifier [0x00007FF7C409D479+5401]
	BaseThreadInitThunk [0x00007FFAE57AE8D7+23]
	RtlUserThreadStart [0x00007FFAE59D14FC+44]

2025-04-30 13:01:23 - INFO - Selected 'SELLER' in dropdown
2025-04-30 13:01:27 - INFO - Selected 'EXPRESS' in dropdown
2025-04-30 13:01:33 - INFO - Selected 'FLIPKART' in dropdown
2025-04-30 13:01:42 - INFO - Selected 'GST_APPAREL' in dropdown
2025-04-30 13:01:46 - INFO - Selected 'INDIA' in dropdown
2025-04-30 13:01:48 - INFO - Submit clicked (Attempt 1)
2025-04-30 13:01:53 - INFO - Submit button disappeared after click.
2025-04-30 13:02:03 - INFO - No popup appeared
2025-04-30 13:02:03 - INFO - Processing FSN=BELH2WBGDBKHVRPS
2025-04-30 13:02:04 - INFO - FSN entered
2025-04-30 13:02:08 - INFO - Clicked Start Selling
2025-04-30 13:02:18 - INFO - Selected 'ACTIVE' in dropdown
2025-04-30 13:02:21 - WARNING - Failed sending keys: Message: invalid element state
  (Session info: chrome=135.0.7049.116)
Stacktrace:
	GetHandleVerifier [0x00007FF7C40AEFA5+77893]
	GetHandleVerifier [0x00007FF7C40AF000+77984]
	(No symbol) [0x00007FF7C3E78FEC]
	(No symbol) [0x00007FF7C3EC45C5]
	(No symbol) [0x00007FF7C3EF712A]
	(No symbol) [0x00007FF7C3EC19E6]
	(No symbol) [0x00007FF7C3EF7340]
	(No symbol) [0x00007FF7C3F1F07F]
	(No symbol) [0x00007FF7C3EF6F03]
	(No symbol) [0x00007FF7C3EC0328]
	(No symbol) [0x00007FF7C3EC1093]
	GetHandleVerifier [0x00007FF7C4367B6D+2931725]
	GetHandleVerifier [0x00007FF7C4362132+2908626]
	GetHandleVerifier [0x00007FF7C43800F3+3031443]
	GetHandleVerifier [0x00007FF7C40C91EA+184970]
	GetHandleVerifier [0x00007FF7C40D086F+215311]
	GetHandleVerifier [0x00007FF7C40B6EC4+110436]
	GetHandleVerifier [0x00007FF7C40B7072+110866]
	GetHandleVerifier [0x00007FF7C409D479+5401]
	BaseThreadInitThunk [0x00007FFAE57AE8D7+23]
	RtlUserThreadStart [0x00007FFAE59D14FC+44]

2025-04-30 13:02:25 - INFO - Selected 'SELLER' in dropdown
2025-04-30 13:02:29 - INFO - Selected 'EXPRESS' in dropdown
2025-04-30 13:02:35 - INFO - Selected 'FLIPKART' in dropdown
2025-04-30 13:02:44 - INFO - Selected 'GST_APPAREL' in dropdown
2025-04-30 13:02:47 - INFO - Selected 'INDIA' in dropdown
2025-04-30 13:02:49 - INFO - Submit clicked (Attempt 1)
2025-04-30 13:02:54 - INFO - Submit button disappeared after click.
2025-04-30 13:03:05 - INFO - No popup appeared
2025-04-30 13:03:05 - INFO - Processing FSN=BELH4XJXGVVY796T
2025-04-30 13:03:05 - INFO - FSN entered
2025-04-30 13:03:09 - INFO - Clicked Start Selling
2025-04-30 13:03:19 - INFO - Selected 'ACTIVE' in dropdown
2025-04-30 13:03:22 - WARNING - Failed sending keys: Message: invalid element state
  (Session info: chrome=135.0.7049.116)
Stacktrace:
	GetHandleVerifier [0x00007FF7C40AEFA5+77893]
	GetHandleVerifier [0x00007FF7C40AF000+77984]
	(No symbol) [0x00007FF7C3E78FEC]
	(No symbol) [0x00007FF7C3EC45C5]
	(No symbol) [0x00007FF7C3EF712A]
	(No symbol) [0x00007FF7C3EC19E6]
	(No symbol) [0x00007FF7C3EF7340]
	(No symbol) [0x00007FF7C3F1F07F]
	(No symbol) [0x00007FF7C3EF6F03]
	(No symbol) [0x00007FF7C3EC0328]
	(No symbol) [0x00007FF7C3EC1093]
	GetHandleVerifier [0x00007FF7C4367B6D+2931725]
	GetHandleVerifier [0x00007FF7C4362132+2908626]
	GetHandleVerifier [0x00007FF7C43800F3+3031443]
	GetHandleVerifier [0x00007FF7C40C91EA+184970]
	GetHandleVerifier [0x00007FF7C40D086F+215311]
	GetHandleVerifier [0x00007FF7C40B6EC4+110436]
	GetHandleVerifier [0x00007FF7C40B7072+110866]
	GetHandleVerifier [0x00007FF7C409D479+5401]
	BaseThreadInitThunk [0x00007FFAE57AE8D7+23]
	RtlUserThreadStart [0x00007FFAE59D14FC+44]

2025-04-30 13:03:26 - INFO - Selected 'SELLER' in dropdown
2025-04-30 13:03:30 - INFO - Selected 'EXPRESS' in dropdown
2025-04-30 13:03:36 - INFO - Selected 'FLIPKART' in dropdown
2025-04-30 13:03:43 - WARNING - Failed selecting dropdown: Message: invalid session id: session deleted as the browser has closed the connection
from disconnected: not connected to DevTools
  (Session info: chrome=135.0.7049.116)
Stacktrace:
	GetHandleVerifier [0x00007FF7C40AEFA5+77893]
	GetHandleVerifier [0x00007FF7C40AF000+77984]
	(No symbol) [0x00007FF7C3E791BA]
	(No symbol) [0x00007FF7C3E64F15]
	(No symbol) [0x00007FF7C3E89F04]
	(No symbol) [0x00007FF7C3EFEACF]
	(No symbol) [0x00007FF7C3F1E972]
	(No symbol) [0x00007FF7C3EF6F03]
	(No symbol) [0x00007FF7C3EC0328]
	(No symbol) [0x00007FF7C3EC1093]
	GetHandleVerifier [0x00007FF7C4367B6D+2931725]
	GetHandleVerifier [0x00007FF7C4362132+2908626]
	GetHandleVerifier [0x00007FF7C43800F3+3031443]
	GetHandleVerifier [0x00007FF7C40C91EA+184970]
	GetHandleVerifier [0x00007FF7C40D086F+215311]
	GetHandleVerifier [0x00007FF7C40B6EC4+110436]
	GetHandleVerifier [0x00007FF7C40B7072+110866]
	GetHandleVerifier [0x00007FF7C409D479+5401]
	BaseThreadInitThunk [0x00007FFAE57AE8D7+23]
	RtlUserThreadStart [0x00007FFAE59D14FC+44]

2025-04-30 13:03:43 - WARNING - Failed selecting dropdown: Message: invalid session id
Stacktrace:
	GetHandleVerifier [0x00007FF7C40AEFA5+77893]
	GetHandleVerifier [0x00007FF7C40AF000+77984]
	(No symbol) [0x00007FF7C3E78FEC]
	(No symbol) [0x00007FF7C3EBF44F]
	(No symbol) [0x00007FF7C3EF6FF2]
	(No symbol) [0x00007FF7C3EF1A02]
	(No symbol) [0x00007FF7C3EF0AC9]
	(No symbol) [0x00007FF7C3E45AB5]
	GetHandleVerifier [0x00007FF7C4367B6D+2931725]
	GetHandleVerifier [0x00007FF7C4362132+2908626]
	GetHandleVerifier [0x00007FF7C43800F3+3031443]
	GetHandleVerifier [0x00007FF7C40C91EA+184970]
	GetHandleVerifier [0x00007FF7C40D086F+215311]
	(No symbol) [0x00007FF7C3E44B2C]
	GetHandleVerifier [0x00007FF7C4472518+4023736]
	BaseThreadInitThunk [0x00007FFAE57AE8D7+23]
	RtlUserThreadStart [0x00007FFAE59D14FC+44]

2025-04-30 13:03:44 - WARNING - Failed sending keys: Message: invalid session id
Stacktrace:
	GetHandleVerifier [0x00007FF7C40AEFA5+77893]
	GetHandleVerifier [0x00007FF7C40AF000+77984]
	(No symbol) [0x00007FF7C3E78FEC]
	(No symbol) [0x00007FF7C3EBF44F]
	(No symbol) [0x00007FF7C3EF6FF2]
	(No symbol) [0x00007FF7C3EF1A02]
	(No symbol) [0x00007FF7C3EF0AC9]
	(No symbol) [0x00007FF7C3E45AB5]
	GetHandleVerifier [0x00007FF7C4367B6D+2931725]
	GetHandleVerifier [0x00007FF7C4362132+2908626]
	GetHandleVerifier [0x00007FF7C43800F3+3031443]
	GetHandleVerifier [0x00007FF7C40C91EA+184970]
	GetHandleVerifier [0x00007FF7C40D086F+215311]
	(No symbol) [0x00007FF7C3E44B2C]
	GetHandleVerifier [0x00007FF7C4472518+4023736]
	BaseThreadInitThunk [0x00007FFAE57AE8D7+23]
	RtlUserThreadStart [0x00007FFAE59D14FC+44]

2025-04-30 13:03:44 - WARNING - Failed sending keys: Message: invalid session id
Stacktrace:
	GetHandleVerifier [0x00007FF7C40AEFA5+77893]
	GetHandleVerifier [0x00007FF7C40AF000+77984]
	(No symbol) [0x00007FF7C3E78FEC]
	(No symbol) [0x00007FF7C3EBF44F]
	(No symbol) [0x00007FF7C3EF6FF2]
	(No symbol) [0x00007FF7C3EF1A02]
	(No symbol) [0x00007FF7C3EF0AC9]
	(No symbol) [0x00007FF7C3E45AB5]
	GetHandleVerifier [0x00007FF7C4367B6D+2931725]
	GetHandleVerifier [0x00007FF7C4362132+2908626]
	GetHandleVerifier [0x00007FF7C43800F3+3031443]
	GetHandleVerifier [0x00007FF7C40C91EA+184970]
	GetHandleVerifier [0x00007FF7C40D086F+215311]
	(No symbol) [0x00007FF7C3E44B2C]
	GetHandleVerifier [0x00007FF7C4472518+4023736]
	BaseThreadInitThunk [0x00007FFAE57AE8D7+23]
	RtlUserThreadStart [0x00007FFAE59D14FC+44]

2025-04-30 13:03:44 - WARNING - Submit attempt 1 failed: Message: invalid session id
Stacktrace:
	GetHandleVerifier [0x00007FF7C40AEFA5+77893]
	GetHandleVerifier [0x00007FF7C40AF000+77984]
	(No symbol) [0x00007FF7C3E78FEC]
	(No symbol) [0x00007FF7C3EBF44F]
	(No symbol) [0x00007FF7C3EF6FF2]
	(No symbol) [0x00007FF7C3EF1A02]
	(No symbol) [0x00007FF7C3EF0AC9]
	(No symbol) [0x00007FF7C3E45AB5]
	GetHandleVerifier [0x00007FF7C4367B6D+2931725]
	GetHandleVerifier [0x00007FF7C4362132+2908626]
	GetHandleVerifier [0x00007FF7C43800F3+3031443]
	GetHandleVerifier [0x00007FF7C40C91EA+184970]
	GetHandleVerifier [0x00007FF7C40D086F+215311]
	(No symbol) [0x00007FF7C3E44B2C]
	GetHandleVerifier [0x00007FF7C4472518+4023736]
	BaseThreadInitThunk [0x00007FFAE57AE8D7+23]
	RtlUserThreadStart [0x00007FFAE59D14FC+44]

2025-04-30 13:11:04 - WARNING - Submit attempt 2 failed: Message: invalid session id
Stacktrace:
	GetHandleVerifier [0x00007FF7C40AEFA5+77893]
	GetHandleVerifier [0x00007FF7C40AF000+77984]
	(No symbol) [0x00007FF7C3E78FEC]
	(No symbol) [0x00007FF7C3EBF44F]
	(No symbol) [0x00007FF7C3EF6FF2]
	(No symbol) [0x00007FF7C3EF1A02]
	(No symbol) [0x00007FF7C3EF0AC9]
	(No symbol) [0x00007FF7C3E45AB5]
	GetHandleVerifier [0x00007FF7C4367B6D+2931725]
	GetHandleVerifier [0x00007FF7C4362132+2908626]
	GetHandleVerifier [0x00007FF7C43800F3+3031443]
	GetHandleVerifier [0x00007FF7C40C91EA+184970]
	GetHandleVerifier [0x00007FF7C40D086F+215311]
	(No symbol) [0x00007FF7C3E44B2C]
	GetHandleVerifier [0x00007FF7C4472518+4023736]
	BaseThreadInitThunk [0x00007FFAE57AE8D7+23]
	RtlUserThreadStart [0x00007FFAE59D14FC+44]

2025-04-30 13:11:06 - WARNING - Submit attempt 3 failed: Message: invalid session id
Stacktrace:
	GetHandleVerifier [0x00007FF7C40AEFA5+77893]
	GetHandleVerifier [0x00007FF7C40AF000+77984]
	(No symbol) [0x00007FF7C3E78FEC]
	(No symbol) [0x00007FF7C3EBF44F]
	(No symbol) [0x00007FF7C3EF6FF2]
	(No symbol) [0x00007FF7C3EF1A02]
	(No symbol) [0x00007FF7C3EF0AC9]
	(No symbol) [0x00007FF7C3E45AB5]
	GetHandleVerifier [0x00007FF7C4367B6D+2931725]
	GetHandleVerifier [0x00007FF7C4362132+2908626]
	GetHandleVerifier [0x00007FF7C43800F3+3031443]
	GetHandleVerifier [0x00007FF7C40C91EA+184970]
	GetHandleVerifier [0x00007FF7C40D086F+215311]
	(No symbol) [0x00007FF7C3E44B2C]
	GetHandleVerifier [0x00007FF7C4472518+4023736]
	BaseThreadInitThunk [0x00007FFAE57AE8D7+23]
	RtlUserThreadStart [0x00007FFAE59D14FC+44]

2025-04-30 13:11:08 - WARNING - Submit attempt 4 failed: Message: invalid session id
Stacktrace:
	GetHandleVerifier [0x00007FF7C40AEFA5+77893]
	GetHandleVerifier [0x00007FF7C40AF000+77984]
	(No symbol) [0x00007FF7C3E78FEC]
	(No symbol) [0x00007FF7C3EBF44F]
	(No symbol) [0x00007FF7C3EF6FF2]
	(No symbol) [0x00007FF7C3EF1A02]
	(No symbol) [0x00007FF7C3EF0AC9]
	(No symbol) [0x00007FF7C3E45AB5]
	GetHandleVerifier [0x00007FF7C4367B6D+2931725]
	GetHandleVerifier [0x00007FF7C4362132+2908626]
	GetHandleVerifier [0x00007FF7C43800F3+3031443]
	GetHandleVerifier [0x00007FF7C40C91EA+184970]
	GetHandleVerifier [0x00007FF7C40D086F+215311]
	(No symbol) [0x00007FF7C3E44B2C]
	GetHandleVerifier [0x00007FF7C4472518+4023736]
	BaseThreadInitThunk [0x00007FFAE57AE8D7+23]
	RtlUserThreadStart [0x00007FFAE59D14FC+44]

2025-04-30 13:11:10 - WARNING - Submit attempt 5 failed: Message: invalid session id
Stacktrace:
	GetHandleVerifier [0x00007FF7C40AEFA5+77893]
	GetHandleVerifier [0x00007FF7C40AF000+77984]
	(No symbol) [0x00007FF7C3E78FEC]
	(No symbol) [0x00007FF7C3EBF44F]
	(No symbol) [0x00007FF7C3EF6FF2]
	(No symbol) [0x00007FF7C3EF1A02]
	(No symbol) [0x00007FF7C3EF0AC9]
	(No symbol) [0x00007FF7C3E45AB5]
	GetHandleVerifier [0x00007FF7C4367B6D+2931725]
	GetHandleVerifier [0x00007FF7C4362132+2908626]
	GetHandleVerifier [0x00007FF7C43800F3+3031443]
	GetHandleVerifier [0x00007FF7C40C91EA+184970]
	GetHandleVerifier [0x00007FF7C40D086F+215311]
	(No symbol) [0x00007FF7C3E44B2C]
	GetHandleVerifier [0x00007FF7C4472518+4023736]
	BaseThreadInitThunk [0x00007FFAE57AE8D7+23]
	RtlUserThreadStart [0x00007FFAE59D14FC+44]

2025-04-30 13:11:12 - INFO - Submit successful after retries.
2025-04-30 13:11:13 - INFO - \u2705 All done! Report saved at: reports\latching_20250430_122931.csv
2025-04-30 13:14:07 - INFO - Jai Shree Ram \U0001f6a9
2025-04-30 13:14:44 - INFO - Login successful.
2025-04-30 13:14:44 - INFO - Processing FSN=BELH9AAABDZFA6EF
2025-04-30 13:14:46 - INFO - FSN entered
2025-04-30 13:14:50 - ERROR - Error processing FSN BELH9AAABDZFA6EF: Could not find 'Start Selling' button
2025-04-30 13:14:56 - INFO - Popup closed successfully
2025-04-30 13:14:58 - INFO - Processing FSN=BELH9AAAXBH9GMFF
2025-04-30 13:14:58 - INFO - FSN entered
2025-04-30 13:15:02 - ERROR - Error processing FSN BELH9AAAXBH9GMFF: Could not find 'Start Selling' button
2025-04-30 13:15:07 - INFO - Popup closed successfully
2025-04-30 13:15:09 - INFO - Processing FSN=BELH9AAABVKBNCMF
2025-04-30 13:15:10 - INFO - FSN entered
2025-04-30 13:15:14 - ERROR - Error processing FSN BELH9AAABVKBNCMF: Could not find 'Start Selling' button
2025-04-30 13:15:24 - INFO - No popup appeared
2025-04-30 13:15:24 - INFO - Processing FSN=BELH9AAAXKS9ZHBS
2025-04-30 13:15:24 - INFO - FSN entered
2025-04-30 13:15:29 - ERROR - Error processing FSN BELH9AAAXKS9ZHBS: Could not find 'Start Selling' button
2025-04-30 13:15:39 - INFO - No popup appeared
2025-04-30 13:15:39 - INFO - Processing FSN=BELH9AAAFXF2PNZE
2025-04-30 13:15:39 - INFO - FSN entered
2025-04-30 13:15:43 - ERROR - Error processing FSN BELH9AAAFXF2PNZE: Could not find 'Start Selling' button
2025-04-30 13:15:53 - INFO - No popup appeared
2025-04-30 13:15:53 - INFO - Processing FSN=BELH9AAAURFHCU7B
2025-04-30 13:15:54 - INFO - FSN entered
2025-04-30 13:15:58 - ERROR - Error processing FSN BELH9AAAURFHCU7B: Could not find 'Start Selling' button
2025-04-30 13:16:08 - INFO - No popup appeared
2025-04-30 13:16:08 - INFO - Processing FSN=BELH9AAAQJMFHNDZ
2025-04-30 13:16:08 - INFO - FSN entered
2025-04-30 13:16:12 - ERROR - Error processing FSN BELH9AAAQJMFHNDZ: Could not find 'Start Selling' button
2025-04-30 13:16:23 - INFO - No popup appeared
2025-04-30 13:16:23 - INFO - Processing FSN=BELH9AAAJHNAZAXM
2025-04-30 13:16:23 - INFO - FSN entered
2025-04-30 13:16:27 - ERROR - Error processing FSN BELH9AAAJHNAZAXM: Could not find 'Start Selling' button
2025-04-30 13:16:37 - INFO - No popup appeared
2025-04-30 13:16:37 - INFO - Processing FSN=BELH9AAAGPC5JBBQ
2025-04-30 13:16:38 - INFO - FSN entered
2025-04-30 13:16:42 - ERROR - Error processing FSN BELH9AAAGPC5JBBQ: Could not find 'Start Selling' button
2025-04-30 13:16:52 - INFO - No popup appeared
2025-04-30 13:16:52 - INFO - Processing FSN=BELH9AAADH37FZRJ
2025-04-30 13:16:52 - INFO - FSN entered
2025-04-30 13:16:57 - ERROR - Error processing FSN BELH9AAADH37FZRJ: Could not find 'Start Selling' button
2025-04-30 13:17:07 - INFO - No popup appeared
2025-04-30 13:17:07 - INFO - Processing FSN=BELH9AAAHZUMRNPQ
2025-04-30 13:17:07 - INFO - FSN entered
2025-04-30 13:17:11 - ERROR - Error processing FSN BELH9AAAHZUMRNPQ: Could not find 'Start Selling' button
2025-04-30 13:17:22 - INFO - No popup appeared
2025-04-30 13:17:22 - INFO - Processing FSN=BELH9AAAEWBZZHFQ
2025-04-30 13:17:22 - INFO - FSN entered
2025-04-30 13:17:26 - ERROR - Error processing FSN BELH9AAAEWBZZHFQ: Could not find 'Start Selling' button
2025-04-30 13:17:36 - INFO - No popup appeared
2025-04-30 13:17:36 - INFO - Processing FSN=BELH9AAAVVY2ZR8X
2025-04-30 13:17:36 - INFO - FSN entered
2025-04-30 13:17:41 - ERROR - Error processing FSN BELH9AAAVVY2ZR8X: Could not find 'Start Selling' button
2025-04-30 13:17:51 - INFO - No popup appeared
2025-04-30 13:17:51 - INFO - Processing FSN=BELH9AAARGVSC3JW
2025-04-30 13:17:51 - INFO - FSN entered
2025-04-30 13:17:55 - ERROR - Error processing FSN BELH9AAARGVSC3JW: Could not find 'Start Selling' button
2025-04-30 13:18:06 - INFO - No popup appeared
2025-04-30 13:18:06 - INFO - Processing FSN=BELH9AAA9ZQ2HYZC
2025-04-30 13:18:06 - INFO - FSN entered
2025-04-30 13:18:10 - ERROR - Error processing FSN BELH9AAA9ZQ2HYZC: Could not find 'Start Selling' button
2025-04-30 13:18:20 - INFO - No popup appeared
2025-04-30 13:18:20 - INFO - Processing FSN=BELH9AAAMHUWZC77
2025-04-30 13:18:20 - INFO - FSN entered
2025-04-30 13:18:25 - ERROR - Error processing FSN BELH9AAAMHUWZC77: Could not find 'Start Selling' button
2025-04-30 13:18:35 - INFO - No popup appeared
2025-04-30 13:18:35 - INFO - Processing FSN=BELH9AAABANYFPZG
2025-04-30 13:18:35 - INFO - FSN entered
2025-04-30 13:18:39 - ERROR - Error processing FSN BELH9AAABANYFPZG: Could not find 'Start Selling' button
2025-04-30 13:18:49 - INFO - No popup appeared
2025-04-30 13:18:49 - INFO - Processing FSN=BELH9AAAFEV9GFGW
2025-04-30 13:18:50 - INFO - FSN entered
2025-04-30 13:18:54 - ERROR - Error processing FSN BELH9AAAFEV9GFGW: Could not find 'Start Selling' button
2025-04-30 13:19:04 - INFO - No popup appeared
2025-04-30 13:19:04 - INFO - Processing FSN=BELH9AAAUHYHZSQU
2025-04-30 13:19:04 - INFO - FSN entered
2025-04-30 13:19:08 - ERROR - Error processing FSN BELH9AAAUHYHZSQU: Could not find 'Start Selling' button
2025-04-30 13:19:19 - INFO - No popup appeared
2025-04-30 13:19:19 - INFO - Processing FSN=BELH9AAAGPMMAN6Q
2025-04-30 13:19:19 - INFO - FSN entered
2025-04-30 13:19:23 - ERROR - Error processing FSN BELH9AAAGPMMAN6Q: Could not find 'Start Selling' button
2025-04-30 13:19:33 - INFO - No popup appeared
2025-04-30 13:19:33 - INFO - Processing FSN=BELH9AAAKH66XGJR
2025-04-30 13:19:34 - INFO - FSN entered
2025-04-30 13:19:38 - ERROR - Error processing FSN BELH9AAAKH66XGJR: Could not find 'Start Selling' button
2025-04-30 13:19:48 - INFO - No popup appeared
2025-04-30 13:19:48 - INFO - Processing FSN=BELH9AAAEZTCFA5Y
2025-04-30 13:19:48 - INFO - FSN entered
2025-04-30 13:19:52 - ERROR - Error processing FSN BELH9AAAEZTCFA5Y: Could not find 'Start Selling' button
2025-04-30 13:20:03 - INFO - No popup appeared
2025-04-30 13:20:03 - INFO - Processing FSN=BELH9AAA3X7FQ23U
2025-04-30 13:20:03 - INFO - FSN entered
2025-04-30 13:20:07 - ERROR - Error processing FSN BELH9AAA3X7FQ23U: Could not find 'Start Selling' button
2025-04-30 13:20:17 - INFO - No popup appeared
2025-04-30 13:20:17 - INFO - Processing FSN=BELH9AAAGX7V6PGT
2025-04-30 13:20:17 - INFO - FSN entered
2025-04-30 13:20:21 - ERROR - Error processing FSN BELH9AAAGX7V6PGT: Could not find 'Start Selling' button
2025-04-30 13:20:32 - INFO - No popup appeared
2025-04-30 13:20:32 - INFO - Processing FSN=BELH9AAAY5NCXDQG
2025-04-30 13:20:32 - INFO - FSN entered
2025-04-30 13:20:36 - ERROR - Error processing FSN BELH9AAAY5NCXDQG: Could not find 'Start Selling' button
2025-04-30 13:20:46 - INFO - No popup appeared
2025-04-30 13:20:46 - INFO - Processing FSN=BELH9AAADAG8YGZG
2025-04-30 13:20:46 - INFO - FSN entered
2025-04-30 13:20:50 - ERROR - Error processing FSN BELH9AAADAG8YGZG: Could not find 'Start Selling' button
2025-04-30 13:21:01 - INFO - No popup appeared
2025-04-30 13:21:01 - INFO - Processing FSN=BELH9AAACHYTGPBK
2025-04-30 13:21:01 - INFO - FSN entered
2025-04-30 13:21:05 - ERROR - Error processing FSN BELH9AAACHYTGPBK: Could not find 'Start Selling' button
2025-04-30 13:21:15 - INFO - No popup appeared
2025-04-30 13:21:15 - INFO - Processing FSN=BELH9AAAR7XSBXNV
2025-04-30 13:21:15 - INFO - FSN entered
2025-04-30 13:21:19 - ERROR - Error processing FSN BELH9AAAR7XSBXNV: Could not find 'Start Selling' button
2025-04-30 13:21:30 - INFO - No popup appeared
2025-04-30 13:21:30 - INFO - Processing FSN=BELH9AAAZZEFYZDF
2025-04-30 13:21:30 - INFO - FSN entered
2025-04-30 13:21:34 - ERROR - Error processing FSN BELH9AAAZZEFYZDF: Could not find 'Start Selling' button
2025-04-30 13:21:44 - INFO - No popup appeared
2025-04-30 13:21:44 - INFO - Processing FSN=BELH9AAAYA8FKVZG
2025-04-30 13:21:44 - INFO - FSN entered
2025-04-30 13:21:48 - ERROR - Error processing FSN BELH9AAAYA8FKVZG: Could not find 'Start Selling' button
2025-04-30 13:21:59 - INFO - No popup appeared
2025-04-30 13:21:59 - INFO - Processing FSN=BELH9AAAZUMYUGQQ
2025-04-30 13:21:59 - INFO - FSN entered
2025-04-30 13:22:03 - ERROR - Error processing FSN BELH9AAAZUMYUGQQ: Could not find 'Start Selling' button
2025-04-30 13:22:13 - INFO - No popup appeared
2025-04-30 13:22:13 - INFO - Processing FSN=BELH9AAA4REYHWBY
2025-04-30 13:22:13 - INFO - FSN entered
2025-04-30 13:22:17 - ERROR - Error processing FSN BELH9AAA4REYHWBY: Could not find 'Start Selling' button
2025-04-30 13:22:28 - INFO - No popup appeared
2025-04-30 13:22:28 - INFO - Processing FSN=BELH9AAAWWHHDYZW
2025-04-30 13:22:28 - INFO - FSN entered
2025-04-30 13:22:32 - ERROR - Error processing FSN BELH9AAAWWHHDYZW: Could not find 'Start Selling' button
2025-04-30 13:22:42 - INFO - No popup appeared
2025-04-30 13:22:42 - INFO - Processing FSN=BELH9AAAYZ86EPTB
2025-04-30 13:22:42 - INFO - FSN entered
2025-04-30 13:22:47 - ERROR - Error processing FSN BELH9AAAYZ86EPTB: Could not find 'Start Selling' button
2025-04-30 13:22:57 - INFO - No popup appeared
2025-04-30 13:22:57 - INFO - Processing FSN=BELH9AAAJUKKKG7T
2025-04-30 13:22:57 - INFO - FSN entered
2025-04-30 13:23:01 - ERROR - Error processing FSN BELH9AAAJUKKKG7T: Could not find 'Start Selling' button
2025-04-30 13:23:11 - INFO - No popup appeared
2025-04-30 13:23:11 - INFO - Processing FSN=BELH9AAAGVTTSZGB
2025-04-30 13:23:11 - INFO - FSN entered
2025-04-30 13:23:16 - ERROR - Error processing FSN BELH9AAAGVTTSZGB: Could not find 'Start Selling' button
2025-04-30 13:23:26 - INFO - No popup appeared
2025-04-30 13:23:26 - INFO - Processing FSN=BELH9AAA8MFBYPZP
2025-04-30 13:23:26 - INFO - FSN entered
2025-04-30 13:23:30 - ERROR - Error processing FSN BELH9AAA8MFBYPZP: Could not find 'Start Selling' button
2025-04-30 13:23:40 - INFO - No popup appeared
2025-04-30 13:23:40 - INFO - Processing FSN=BELH9AAABWHGMQAD
2025-04-30 13:23:40 - INFO - FSN entered
2025-04-30 13:23:45 - ERROR - Error processing FSN BELH9AAABWHGMQAD: Could not find 'Start Selling' button
2025-04-30 13:23:55 - INFO - No popup appeared
2025-04-30 13:23:55 - INFO - Processing FSN=BELH9AAA9MEEFM43
2025-04-30 13:23:55 - INFO - FSN entered
2025-04-30 13:23:59 - ERROR - Error processing FSN BELH9AAA9MEEFM43: Could not find 'Start Selling' button
2025-04-30 13:24:09 - INFO - No popup appeared
2025-04-30 13:24:09 - INFO - Processing FSN=BELH9AAAADBD5ERT
2025-04-30 13:24:09 - INFO - FSN entered
2025-04-30 13:24:14 - ERROR - Error processing FSN BELH9AAAADBD5ERT: Could not find 'Start Selling' button
2025-04-30 13:24:24 - INFO - No popup appeared
2025-04-30 13:24:24 - INFO - Processing FSN=BELH2WEMZHSW3XDZ
2025-04-30 13:24:24 - INFO - FSN entered
2025-04-30 13:24:28 - ERROR - Error processing FSN BELH2WEMZHSW3XDZ: Could not find 'Start Selling' button
2025-04-30 13:24:38 - INFO - No popup appeared
2025-04-30 13:24:38 - INFO - Processing FSN=BELH2WEMZPXWRVFB
2025-04-30 13:24:38 - INFO - FSN entered
2025-04-30 13:24:43 - ERROR - Error processing FSN BELH2WEMZPXWRVFB: Could not find 'Start Selling' button
2025-04-30 13:24:53 - INFO - No popup appeared
2025-04-30 13:24:53 - INFO - Processing FSN=BELH2WEMXUBNHAQE
2025-04-30 13:24:53 - INFO - FSN entered
2025-04-30 13:24:57 - ERROR - Error processing FSN BELH2WEMXUBNHAQE: Could not find 'Start Selling' button
2025-04-30 13:25:02 - INFO - No popup appeared
2025-04-30 13:25:02 - INFO - Processing FSN=BELH4XJXUTVJGYER
2025-04-30 13:25:08 - ERROR - Error processing FSN BELH4XJXUTVJGYER: Message: invalid session id
Stacktrace:
	GetHandleVerifier [0x00007FF7C40AEFA5+77893]
	GetHandleVerifier [0x00007FF7C40AF000+77984]
	(No symbol) [0x00007FF7C3E78FEC]
	(No symbol) [0x00007FF7C3EBF44F]
	(No symbol) [0x00007FF7C3EF6FF2]
	(No symbol) [0x00007FF7C3EF1A02]
	(No symbol) [0x00007FF7C3EF0AC9]
	(No symbol) [0x00007FF7C3E45AB5]
	GetHandleVerifier [0x00007FF7C4367B6D+2931725]
	GetHandleVerifier [0x00007FF7C4362132+2908626]
	GetHandleVerifier [0x00007FF7C43800F3+3031443]
	GetHandleVerifier [0x00007FF7C40C91EA+184970]
	GetHandleVerifier [0x00007FF7C40D086F+215311]
	(No symbol) [0x00007FF7C3E44B2C]
	GetHandleVerifier [0x00007FF7C4472518+4023736]
	BaseThreadInitThunk [0x00007FFAE57AE8D7+23]
	RtlUserThreadStart [0x00007FFAE59D14FC+44]

2025-04-30 13:25:08 - INFO - \u2705 All done! Report saved at: reports\latching_20250430_131409.csv
2025-04-30 13:28:13 - INFO - Jai Shree Ram \U0001f6a9
2025-04-30 13:28:51 - INFO - Login successful.
2025-04-30 13:28:51 - INFO - Processing FSN=BELH9AAAADBD5ERT
2025-04-30 13:28:52 - INFO - FSN entered
2025-04-30 13:28:56 - ERROR - Error processing FSN BELH9AAAADBD5ERT: Could not find 'Start Selling' button
2025-04-30 13:29:01 - INFO - Popup closed successfully
2025-04-30 13:29:03 - INFO - Processing FSN=BELH2WEMZHSW3XDZ
2025-04-30 13:29:03 - INFO - FSN entered
2025-04-30 13:29:08 - ERROR - Error processing FSN BELH2WEMZHSW3XDZ: Could not find 'Start Selling' button
2025-04-30 13:29:13 - INFO - Popup closed successfully
2025-04-30 13:29:15 - INFO - Processing FSN=BELH2WEMZPXWRVFB
2025-04-30 13:29:15 - INFO - FSN entered
2025-04-30 13:29:19 - ERROR - Error processing FSN BELH2WEMZPXWRVFB: Could not find 'Start Selling' button
2025-04-30 13:29:29 - INFO - No popup appeared
2025-04-30 13:29:29 - INFO - Processing FSN=BELH2WEMXUBNHAQE
2025-04-30 13:29:30 - INFO - FSN entered
2025-04-30 13:29:34 - ERROR - Error processing FSN BELH2WEMXUBNHAQE: Could not find 'Start Selling' button
2025-04-30 13:29:44 - INFO - No popup appeared
2025-04-30 13:29:44 - INFO - Processing FSN=BELH4XJXUTVJGYER
2025-04-30 13:29:44 - INFO - FSN entered
2025-04-30 13:29:48 - ERROR - Error processing FSN BELH4XJXUTVJGYER: Could not find 'Start Selling' button
2025-04-30 13:29:59 - INFO - No popup appeared
2025-04-30 13:29:59 - INFO - Processing FSN=BELH2WFJPF4UUVUR
2025-04-30 13:29:59 - INFO - FSN entered
2025-04-30 13:30:03 - ERROR - Error processing FSN BELH2WFJPF4UUVUR: Could not find 'Start Selling' button
2025-04-30 13:30:13 - INFO - No popup appeared
2025-04-30 13:30:13 - INFO - Processing FSN=BELH4XJXQPF6PVTR
2025-04-30 13:30:13 - INFO - FSN entered
2025-04-30 13:30:17 - ERROR - Error processing FSN BELH4XJXQPF6PVTR: Could not find 'Start Selling' button
2025-04-30 13:30:28 - INFO - No popup appeared
2025-04-30 13:30:28 - INFO - Processing FSN=BELH2WBG4UF3KZHX
2025-04-30 13:30:28 - INFO - FSN entered
2025-04-30 13:30:32 - ERROR - Error processing FSN BELH2WBG4UF3KZHX: Could not find 'Start Selling' button
2025-04-30 13:30:42 - INFO - No popup appeared
2025-04-30 13:30:42 - INFO - Processing FSN=BELH2WEMHD8EKM4P
2025-04-30 13:30:42 - INFO - FSN entered
2025-04-30 13:30:46 - ERROR - Error processing FSN BELH2WEMHD8EKM4P: Could not find 'Start Selling' button
2025-04-30 13:30:57 - INFO - No popup appeared
2025-04-30 13:30:57 - INFO - Processing FSN=BELH2WEMKFNQH86J
2025-04-30 13:30:57 - INFO - FSN entered
2025-04-30 13:31:01 - ERROR - Error processing FSN BELH2WEMKFNQH86J: Could not find 'Start Selling' button
2025-04-30 13:31:11 - INFO - No popup appeared
2025-04-30 13:31:11 - INFO - Processing FSN=BELH4XJXZVMDUC3U
2025-04-30 13:31:11 - INFO - FSN entered
2025-04-30 13:31:16 - ERROR - Error processing FSN BELH4XJXZVMDUC3U: Could not find 'Start Selling' button
2025-04-30 13:31:26 - INFO - No popup appeared
2025-04-30 13:31:26 - INFO - Processing FSN=BELH2WEMEQWGDM5J
2025-04-30 13:31:26 - INFO - FSN entered
2025-04-30 13:31:30 - ERROR - Error processing FSN BELH2WEMEQWGDM5J: Could not find 'Start Selling' button
2025-04-30 13:31:40 - INFO - No popup appeared
2025-04-30 13:31:40 - INFO - Processing FSN=BELH2WBGDAZ9C7XA
2025-04-30 13:31:41 - INFO - FSN entered
2025-04-30 13:31:45 - ERROR - Error processing FSN BELH2WBGDAZ9C7XA: Could not find 'Start Selling' button
2025-04-30 13:31:55 - INFO - No popup appeared
2025-04-30 13:31:55 - INFO - Processing FSN=BELH2WEMPHXJJCAE
2025-04-30 13:31:55 - INFO - FSN entered
2025-04-30 13:31:59 - ERROR - Error processing FSN BELH2WEMPHXJJCAE: Could not find 'Start Selling' button
2025-04-30 13:32:10 - INFO - No popup appeared
2025-04-30 13:32:10 - INFO - Processing FSN=BELH4XJXZSAJXZDT
2025-04-30 13:32:10 - INFO - FSN entered
2025-04-30 13:32:14 - ERROR - Error processing FSN BELH4XJXZSAJXZDT: Could not find 'Start Selling' button
2025-04-30 13:32:24 - INFO - No popup appeared
2025-04-30 13:32:24 - INFO - Processing FSN=BELH4XJXPFG7EPEW
2025-04-30 13:32:25 - INFO - FSN entered
2025-04-30 13:32:29 - ERROR - Error processing FSN BELH4XJXPFG7EPEW: Could not find 'Start Selling' button
2025-04-30 13:32:39 - INFO - No popup appeared
2025-04-30 13:32:39 - INFO - Processing FSN=BELH4XJXHQ77HGDM
2025-04-30 13:32:39 - INFO - FSN entered
2025-04-30 13:32:43 - ERROR - Error processing FSN BELH4XJXHQ77HGDM: Could not find 'Start Selling' button
2025-04-30 13:32:54 - INFO - No popup appeared
2025-04-30 13:32:54 - INFO - Processing FSN=BELH2WFJY6CBHG4B
2025-04-30 13:32:54 - INFO - FSN entered
2025-04-30 13:32:58 - ERROR - Error processing FSN BELH2WFJY6CBHG4B: Could not find 'Start Selling' button
2025-04-30 13:33:08 - INFO - No popup appeared
2025-04-30 13:33:08 - INFO - Processing FSN=BELH2WFJFRZBYHKD
2025-04-30 13:33:08 - INFO - FSN entered
2025-04-30 13:33:13 - ERROR - Error processing FSN BELH2WFJFRZBYHKD: Could not find 'Start Selling' button
2025-04-30 13:33:23 - INFO - No popup appeared
2025-04-30 13:33:23 - INFO - Processing FSN=BELH4XJXB2ZHFKH8
2025-04-30 13:33:23 - INFO - FSN entered
2025-04-30 13:33:27 - ERROR - Error processing FSN BELH4XJXB2ZHFKH8: Could not find 'Start Selling' button
2025-04-30 13:33:37 - INFO - No popup appeared
2025-04-30 13:33:37 - INFO - Processing FSN=BELH2WBGAY7KXGPC
2025-04-30 13:33:38 - INFO - FSN entered
2025-04-30 13:33:42 - ERROR - Error processing FSN BELH2WBGAY7KXGPC: Could not find 'Start Selling' button
2025-04-30 13:33:52 - INFO - No popup appeared
2025-04-30 13:33:52 - INFO - Processing FSN=BELH2WBGGNHCGSWB
2025-04-30 13:33:52 - INFO - FSN entered
2025-04-30 13:33:56 - ERROR - Error processing FSN BELH2WBGGNHCGSWB: Could not find 'Start Selling' button
2025-04-30 13:34:07 - INFO - No popup appeared
2025-04-30 13:34:07 - INFO - Processing FSN=BELH2WEMPQJCSYB8
2025-04-30 13:34:07 - INFO - FSN entered
2025-04-30 13:34:11 - ERROR - Error processing FSN BELH2WEMPQJCSYB8: Could not find 'Start Selling' button
2025-04-30 13:34:21 - INFO - No popup appeared
2025-04-30 13:34:21 - INFO - Processing FSN=BELH2WEMESHZXRET
2025-04-30 13:34:22 - INFO - FSN entered
2025-04-30 13:34:26 - ERROR - Error processing FSN BELH2WEMESHZXRET: Could not find 'Start Selling' button
2025-04-30 13:34:36 - INFO - No popup appeared
2025-04-30 13:34:36 - INFO - Processing FSN=BELH2WBGYMCZZFRZ
2025-04-30 13:34:36 - INFO - FSN entered
2025-04-30 13:34:40 - ERROR - Error processing FSN BELH2WBGYMCZZFRZ: Could not find 'Start Selling' button
2025-04-30 13:34:51 - INFO - No popup appeared
2025-04-30 13:34:51 - INFO - Processing FSN=BELH2WEMHBY9NDXT
2025-04-30 13:34:51 - INFO - FSN entered
2025-04-30 13:34:55 - ERROR - Error processing FSN BELH2WEMHBY9NDXT: Could not find 'Start Selling' button
2025-04-30 13:35:05 - INFO - No popup appeared
2025-04-30 13:35:05 - INFO - Processing FSN=BELH2WBGAMDY9PQG
2025-04-30 13:35:06 - INFO - FSN entered
2025-04-30 13:35:10 - ERROR - Error processing FSN BELH2WBGAMDY9PQG: Could not find 'Start Selling' button
2025-04-30 13:35:20 - INFO - No popup appeared
2025-04-30 13:35:20 - INFO - Processing FSN=BELH2WBGHAY2KJXK
2025-04-30 13:35:20 - INFO - FSN entered
2025-04-30 13:35:24 - ERROR - Error processing FSN BELH2WBGHAY2KJXK: Could not find 'Start Selling' button
2025-04-30 13:35:35 - INFO - No popup appeared
2025-04-30 13:35:35 - INFO - Processing FSN=BELH2WEMWRZJZJWY
2025-04-30 13:35:35 - INFO - FSN entered
2025-04-30 13:35:39 - ERROR - Error processing FSN BELH2WEMWRZJZJWY: Could not find 'Start Selling' button
2025-04-30 13:35:49 - INFO - No popup appeared
2025-04-30 13:35:49 - INFO - Processing FSN=BELH2WBGEKZBDG7Y
2025-04-30 13:35:49 - INFO - FSN entered
2025-04-30 13:35:54 - ERROR - Error processing FSN BELH2WBGEKZBDG7Y: Could not find 'Start Selling' button
2025-04-30 13:36:04 - INFO - No popup appeared
2025-04-30 13:36:04 - INFO - Processing FSN=BELH2WFJPGZP6XUA
2025-04-30 13:36:04 - INFO - FSN entered
2025-04-30 13:36:08 - ERROR - Error processing FSN BELH2WFJPGZP6XUA: Could not find 'Start Selling' button
2025-04-30 13:36:18 - INFO - No popup appeared
2025-04-30 13:36:18 - INFO - Processing FSN=BELH2WEMDD62HFFJ
2025-04-30 13:36:19 - INFO - FSN entered
2025-04-30 13:36:23 - ERROR - Error processing FSN BELH2WEMDD62HFFJ: Could not find 'Start Selling' button
2025-04-30 13:36:33 - INFO - No popup appeared
2025-04-30 13:36:33 - INFO - Processing FSN=BELH2WFJSTV4HXN9
2025-04-30 13:36:33 - INFO - FSN entered
2025-04-30 13:36:37 - ERROR - Error processing FSN BELH2WFJSTV4HXN9: Could not find 'Start Selling' button
2025-04-30 13:36:48 - INFO - No popup appeared
2025-04-30 13:36:48 - INFO - Processing FSN=BELH2WBG7Z7AW5R2
2025-04-30 13:36:48 - INFO - FSN entered
2025-04-30 13:36:52 - ERROR - Error processing FSN BELH2WBG7Z7AW5R2: Could not find 'Start Selling' button
2025-04-30 13:37:02 - INFO - No popup appeared
2025-04-30 13:37:02 - INFO - Processing FSN=BELH4XJXU7SCZENW
2025-04-30 13:37:03 - INFO - FSN entered
2025-04-30 13:37:07 - ERROR - Error processing FSN BELH4XJXU7SCZENW: Could not find 'Start Selling' button
2025-04-30 13:37:17 - INFO - No popup appeared
2025-04-30 13:37:17 - INFO - Processing FSN=BELH2WEMHTHWEHNP
2025-04-30 13:37:17 - INFO - FSN entered
2025-04-30 13:37:21 - ERROR - Error processing FSN BELH2WEMHTHWEHNP: Could not find 'Start Selling' button
2025-04-30 13:37:32 - INFO - No popup appeared
2025-04-30 13:37:32 - INFO - Processing FSN=BELH4XJXMXMTHZR2
2025-04-30 13:37:32 - INFO - FSN entered
2025-04-30 13:37:36 - ERROR - Error processing FSN BELH4XJXMXMTHZR2: Could not find 'Start Selling' button
2025-04-30 13:37:46 - INFO - No popup appeared
2025-04-30 13:37:46 - INFO - Processing FSN=BELH2WBGHEEZCD54
2025-04-30 13:37:46 - INFO - FSN entered
2025-04-30 13:37:51 - ERROR - Error processing FSN BELH2WBGHEEZCD54: Could not find 'Start Selling' button
2025-04-30 13:38:01 - INFO - No popup appeared
2025-04-30 13:38:01 - INFO - Processing FSN=BELH2WFJPUXZ5FGQ
2025-04-30 13:38:01 - INFO - FSN entered
2025-04-30 13:38:05 - ERROR - Error processing FSN BELH2WFJPUXZ5FGQ: Could not find 'Start Selling' button
2025-04-30 13:38:16 - INFO - No popup appeared
2025-04-30 13:38:16 - INFO - Processing FSN=BELH2WBG8HJQPF2F
2025-04-30 13:38:16 - INFO - FSN entered
2025-04-30 13:38:20 - ERROR - Error processing FSN BELH2WBG8HJQPF2F: Could not find 'Start Selling' button
2025-04-30 13:38:30 - INFO - No popup appeared
2025-04-30 13:38:30 - INFO - Processing FSN=BELH2WFJYDKHTHEG
2025-04-30 13:38:30 - INFO - FSN entered
2025-04-30 13:38:35 - INFO - Clicked Start Selling
2025-04-30 13:38:45 - INFO - Selected 'ACTIVE' in dropdown
2025-04-30 13:38:48 - WARNING - Failed sending keys: Message: invalid element state
  (Session info: chrome=135.0.7049.116)
Stacktrace:
	GetHandleVerifier [0x00007FF7C40AEFA5+77893]
	GetHandleVerifier [0x00007FF7C40AF000+77984]
	(No symbol) [0x00007FF7C3E78FEC]
	(No symbol) [0x00007FF7C3EC45C5]
	(No symbol) [0x00007FF7C3EF712A]
	(No symbol) [0x00007FF7C3EC19E6]
	(No symbol) [0x00007FF7C3EF7340]
	(No symbol) [0x00007FF7C3F1F07F]
	(No symbol) [0x00007FF7C3EF6F03]
	(No symbol) [0x00007FF7C3EC0328]
	(No symbol) [0x00007FF7C3EC1093]
	GetHandleVerifier [0x00007FF7C4367B6D+2931725]
	GetHandleVerifier [0x00007FF7C4362132+2908626]
	GetHandleVerifier [0x00007FF7C43800F3+3031443]
	GetHandleVerifier [0x00007FF7C40C91EA+184970]
	GetHandleVerifier [0x00007FF7C40D086F+215311]
	GetHandleVerifier [0x00007FF7C40B6EC4+110436]
	GetHandleVerifier [0x00007FF7C40B7072+110866]
	GetHandleVerifier [0x00007FF7C409D479+5401]
	BaseThreadInitThunk [0x00007FFAE57AE8D7+23]
	RtlUserThreadStart [0x00007FFAE59D14FC+44]

2025-04-30 13:38:52 - INFO - Selected 'SELLER' in dropdown
2025-04-30 13:38:55 - INFO - Selected 'EXPRESS' in dropdown
2025-04-30 13:39:01 - INFO - Selected 'FLIPKART' in dropdown
2025-04-30 13:39:10 - INFO - Selected 'GST_APPAREL' in dropdown
2025-04-30 13:39:14 - INFO - Selected 'INDIA' in dropdown
2025-04-30 13:39:16 - INFO - Submit clicked (Attempt 1)
2025-04-30 13:39:21 - WARNING - Submit button still present after attempt 1
2025-04-30 13:39:21 - INFO - Submit clicked (Attempt 2)
2025-04-30 13:39:26 - WARNING - Submit button still present after attempt 2
2025-04-30 13:39:27 - INFO - Submit clicked (Attempt 3)
2025-04-30 13:39:32 - WARNING - Submit button still present after attempt 3
2025-04-30 13:39:32 - INFO - Submit clicked (Attempt 4)
2025-04-30 13:39:37 - WARNING - Submit button still present after attempt 4
2025-04-30 13:39:37 - INFO - Submit clicked (Attempt 5)
2025-04-30 13:39:42 - WARNING - Submit button still present after attempt 5
2025-04-30 13:39:42 - ERROR - Submit failed after 5 attempts.
2025-04-30 13:39:52 - INFO - No popup appeared
2025-04-30 13:39:52 - INFO - Processing FSN=BELH2WFJJBPRGXFE
2025-04-30 13:39:52 - INFO - FSN entered
2025-04-30 13:39:57 - ERROR - Error processing FSN BELH2WFJJBPRGXFE: Could not find 'Start Selling' button
2025-04-30 13:40:07 - INFO - No popup appeared
2025-04-30 13:40:07 - INFO - Processing FSN=BELH2WFJKUM2FZB6
2025-04-30 13:40:07 - INFO - FSN entered
2025-04-30 13:40:11 - ERROR - Error processing FSN BELH2WFJKUM2FZB6: Could not find 'Start Selling' button
2025-04-30 13:40:22 - INFO - No popup appeared
2025-04-30 13:40:22 - INFO - Processing FSN=BELH2WBGQ3CX98UF
2025-04-30 13:40:22 - INFO - FSN entered
2025-04-30 13:40:26 - ERROR - Error processing FSN BELH2WBGQ3CX98UF: Could not find 'Start Selling' button
2025-04-30 13:40:36 - INFO - No popup appeared
2025-04-30 13:40:36 - INFO - Processing FSN=BELH2WEM4FUHEAQS
2025-04-30 13:40:37 - INFO - FSN entered
2025-04-30 13:40:41 - ERROR - Error processing FSN BELH2WEM4FUHEAQS: Could not find 'Start Selling' button
2025-04-30 13:40:51 - INFO - No popup appeared
2025-04-30 13:40:51 - INFO - Processing FSN=BELH2WBGURTJT5ZZ
2025-04-30 13:40:51 - INFO - FSN entered
2025-04-30 13:40:55 - ERROR - Error processing FSN BELH2WBGURTJT5ZZ: Could not find 'Start Selling' button
2025-04-30 13:41:06 - INFO - No popup appeared
2025-04-30 13:41:06 - INFO - Processing FSN=BELH2WEMF9BXGP2T
2025-04-30 13:41:06 - INFO - FSN entered
2025-04-30 13:41:10 - ERROR - Error processing FSN BELH2WEMF9BXGP2T: Could not find 'Start Selling' button
2025-04-30 13:41:20 - INFO - No popup appeared
2025-04-30 13:41:20 - INFO - Processing FSN=BELH2WBG4H352ZDP
2025-04-30 13:41:21 - INFO - FSN entered
2025-04-30 13:41:25 - ERROR - Error processing FSN BELH2WBG4H352ZDP: Could not find 'Start Selling' button
2025-04-30 13:41:35 - INFO - No popup appeared
2025-04-30 13:41:35 - INFO - Processing FSN=BELH2WBGG2HPTSB3
2025-04-30 13:41:35 - INFO - FSN entered
2025-04-30 13:41:39 - ERROR - Error processing FSN BELH2WBGG2HPTSB3: Could not find 'Start Selling' button
2025-04-30 13:41:50 - INFO - No popup appeared
2025-04-30 13:41:50 - INFO - Processing FSN=BELH2WFJCMZQCGQ2
2025-04-30 13:41:50 - INFO - FSN entered
2025-04-30 13:41:54 - ERROR - Error processing FSN BELH2WFJCMZQCGQ2: Could not find 'Start Selling' button
2025-04-30 13:42:04 - INFO - No popup appeared
2025-04-30 13:42:04 - INFO - Processing FSN=BELH2WBGTHAYGQBU
2025-04-30 13:42:05 - INFO - FSN entered
2025-04-30 13:42:09 - ERROR - Error processing FSN BELH2WBGTHAYGQBU: Could not find 'Start Selling' button
2025-04-30 13:42:19 - INFO - No popup appeared
2025-04-30 13:42:19 - INFO - Processing FSN=BELH2WBGB3MJMRHP
2025-04-30 13:42:19 - INFO - FSN entered
2025-04-30 13:42:24 - ERROR - Error processing FSN BELH2WBGB3MJMRHP: Could not find 'Start Selling' button
2025-04-30 13:42:34 - INFO - No popup appeared
2025-04-30 13:42:34 - INFO - Processing FSN=BELH2WBGZE6XRV3E
2025-04-30 13:42:34 - INFO - FSN entered
2025-04-30 13:42:38 - ERROR - Error processing FSN BELH2WBGZE6XRV3E: Could not find 'Start Selling' button
2025-04-30 13:42:49 - INFO - No popup appeared
2025-04-30 13:42:49 - INFO - Processing FSN=BELH4XJXRZSDPQGQ
2025-04-30 13:42:49 - INFO - FSN entered
2025-04-30 13:42:53 - ERROR - Error processing FSN BELH4XJXRZSDPQGQ: Could not find 'Start Selling' button
2025-04-30 13:43:03 - INFO - No popup appeared
2025-04-30 13:43:03 - INFO - Processing FSN=BELH2WBGMZETSFZC
2025-04-30 13:43:03 - INFO - FSN entered
2025-04-30 13:43:08 - ERROR - Error processing FSN BELH2WBGMZETSFZC: Could not find 'Start Selling' button
2025-04-30 13:43:18 - INFO - No popup appeared
2025-04-30 13:43:18 - INFO - Processing FSN=BELH4XJXHFHQEZD4
2025-04-30 13:43:18 - INFO - FSN entered
2025-04-30 13:43:22 - ERROR - Error processing FSN BELH4XJXHFHQEZD4: Could not find 'Start Selling' button
2025-04-30 13:43:32 - INFO - No popup appeared
2025-04-30 13:43:32 - INFO - Processing FSN=BELH2WBGVAXMTZCH
2025-04-30 13:43:33 - INFO - FSN entered
2025-04-30 13:43:37 - ERROR - Error processing FSN BELH2WBGVAXMTZCH: Could not find 'Start Selling' button
2025-04-30 13:43:47 - INFO - No popup appeared
2025-04-30 13:43:47 - INFO - Processing FSN=BELH2WBGDBKHVRPS
2025-04-30 13:43:47 - INFO - FSN entered
2025-04-30 13:43:51 - ERROR - Error processing FSN BELH2WBGDBKHVRPS: Could not find 'Start Selling' button
2025-04-30 13:44:02 - INFO - No popup appeared
2025-04-30 13:44:02 - INFO - Processing FSN=BELH4XJXGVVY796T
2025-04-30 13:44:02 - INFO - FSN entered
2025-04-30 13:44:06 - INFO - Clicked Start Selling
2025-04-30 13:44:16 - INFO - Selected 'ACTIVE' in dropdown
2025-04-30 13:44:19 - WARNING - Failed sending keys: Message: invalid element state
  (Session info: chrome=135.0.7049.116)
Stacktrace:
	GetHandleVerifier [0x00007FF7C40AEFA5+77893]
	GetHandleVerifier [0x00007FF7C40AF000+77984]
	(No symbol) [0x00007FF7C3E78FEC]
	(No symbol) [0x00007FF7C3EC45C5]
	(No symbol) [0x00007FF7C3EF712A]
	(No symbol) [0x00007FF7C3EC19E6]
	(No symbol) [0x00007FF7C3EF7340]
	(No symbol) [0x00007FF7C3F1F07F]
	(No symbol) [0x00007FF7C3EF6F03]
	(No symbol) [0x00007FF7C3EC0328]
	(No symbol) [0x00007FF7C3EC1093]
	GetHandleVerifier [0x00007FF7C4367B6D+2931725]
	GetHandleVerifier [0x00007FF7C4362132+2908626]
	GetHandleVerifier [0x00007FF7C43800F3+3031443]
	GetHandleVerifier [0x00007FF7C40C91EA+184970]
	GetHandleVerifier [0x00007FF7C40D086F+215311]
	GetHandleVerifier [0x00007FF7C40B6EC4+110436]
	GetHandleVerifier [0x00007FF7C40B7072+110866]
	GetHandleVerifier [0x00007FF7C409D479+5401]
	BaseThreadInitThunk [0x00007FFAE57AE8D7+23]
	RtlUserThreadStart [0x00007FFAE59D14FC+44]

2025-04-30 13:44:22 - INFO - Selected 'SELLER' in dropdown
2025-04-30 13:44:26 - INFO - Selected 'EXPRESS' in dropdown
2025-04-30 13:44:32 - INFO - Selected 'FLIPKART' in dropdown
2025-04-30 13:44:40 - INFO - Selected 'GST_APPAREL' in dropdown
2025-04-30 13:44:44 - INFO - Selected 'INDIA' in dropdown
2025-04-30 13:44:46 - INFO - Submit clicked (Attempt 1)
2025-04-30 13:44:51 - INFO - Submit button disappeared after click.
2025-04-30 13:45:01 - INFO - No popup appeared
2025-04-30 13:45:01 - INFO - Processing FSN=BELH2WBGWHAXHFYY
2025-04-30 13:45:01 - INFO - FSN entered
2025-04-30 13:45:05 - INFO - Clicked Start Selling
2025-04-30 13:45:16 - INFO - Selected 'ACTIVE' in dropdown
2025-04-30 13:45:18 - WARNING - Failed sending keys: Message: invalid element state
  (Session info: chrome=135.0.7049.116)
Stacktrace:
	GetHandleVerifier [0x00007FF7C40AEFA5+77893]
	GetHandleVerifier [0x00007FF7C40AF000+77984]
	(No symbol) [0x00007FF7C3E78FEC]
	(No symbol) [0x00007FF7C3EC45C5]
	(No symbol) [0x00007FF7C3EF712A]
	(No symbol) [0x00007FF7C3EC19E6]
	(No symbol) [0x00007FF7C3EF7340]
	(No symbol) [0x00007FF7C3F1F07F]
	(No symbol) [0x00007FF7C3EF6F03]
	(No symbol) [0x00007FF7C3EC0328]
	(No symbol) [0x00007FF7C3EC1093]
	GetHandleVerifier [0x00007FF7C4367B6D+2931725]
	GetHandleVerifier [0x00007FF7C4362132+2908626]
	GetHandleVerifier [0x00007FF7C43800F3+3031443]
	GetHandleVerifier [0x00007FF7C40C91EA+184970]
	GetHandleVerifier [0x00007FF7C40D086F+215311]
	GetHandleVerifier [0x00007FF7C40B6EC4+110436]
	GetHandleVerifier [0x00007FF7C40B7072+110866]
	GetHandleVerifier [0x00007FF7C409D479+5401]
	BaseThreadInitThunk [0x00007FFAE57AE8D7+23]
	RtlUserThreadStart [0x00007FFAE59D14FC+44]

2025-04-30 13:45:22 - INFO - Selected 'SELLER' in dropdown
2025-04-30 13:45:26 - INFO - Selected 'EXPRESS' in dropdown
2025-04-30 13:45:31 - INFO - Selected 'FLIPKART' in dropdown
2025-04-30 13:45:39 - INFO - Selected 'GST_APPAREL' in dropdown
2025-04-30 13:45:43 - INFO - Selected 'INDIA' in dropdown
2025-04-30 13:45:45 - INFO - Submit clicked (Attempt 1)
2025-04-30 13:45:50 - INFO - Submit button disappeared after click.
2025-04-30 13:46:00 - INFO - No popup appeared
2025-04-30 13:46:00 - INFO - Processing FSN=BELH4XJXJSSYKHZJ
2025-04-30 13:46:01 - INFO - FSN entered
2025-04-30 13:46:05 - INFO - Clicked Start Selling
2025-04-30 13:46:15 - INFO - Selected 'ACTIVE' in dropdown
2025-04-30 13:46:18 - WARNING - Failed sending keys: Message: invalid element state
  (Session info: chrome=135.0.7049.116)
Stacktrace:
	GetHandleVerifier [0x00007FF7C40AEFA5+77893]
	GetHandleVerifier [0x00007FF7C40AF000+77984]
	(No symbol) [0x00007FF7C3E78FEC]
	(No symbol) [0x00007FF7C3EC45C5]
	(No symbol) [0x00007FF7C3EF712A]
	(No symbol) [0x00007FF7C3EC19E6]
	(No symbol) [0x00007FF7C3EF7340]
	(No symbol) [0x00007FF7C3F1F07F]
	(No symbol) [0x00007FF7C3EF6F03]
	(No symbol) [0x00007FF7C3EC0328]
	(No symbol) [0x00007FF7C3EC1093]
	GetHandleVerifier [0x00007FF7C4367B6D+2931725]
	GetHandleVerifier [0x00007FF7C4362132+2908626]
	GetHandleVerifier [0x00007FF7C43800F3+3031443]
	GetHandleVerifier [0x00007FF7C40C91EA+184970]
	GetHandleVerifier [0x00007FF7C40D086F+215311]
	GetHandleVerifier [0x00007FF7C40B6EC4+110436]
	GetHandleVerifier [0x00007FF7C40B7072+110866]
	GetHandleVerifier [0x00007FF7C409D479+5401]
	BaseThreadInitThunk [0x00007FFAE57AE8D7+23]
	RtlUserThreadStart [0x00007FFAE59D14FC+44]

2025-04-30 13:46:22 - INFO - Selected 'SELLER' in dropdown
2025-04-30 13:46:26 - INFO - Selected 'EXPRESS' in dropdown
2025-04-30 13:46:32 - INFO - Selected 'FLIPKART' in dropdown
2025-04-30 13:46:40 - INFO - Selected 'GST_APPAREL' in dropdown
2025-04-30 13:46:44 - INFO - Selected 'INDIA' in dropdown
2025-04-30 13:46:46 - INFO - Submit clicked (Attempt 1)
2025-04-30 13:46:51 - INFO - Submit button disappeared after click.
2025-04-30 13:47:01 - INFO - No popup appeared
2025-04-30 13:47:01 - INFO - Processing FSN=BELH4XJXYS3CZYS4
2025-04-30 13:47:02 - INFO - FSN entered
2025-04-30 13:47:06 - INFO - Clicked Start Selling
2025-04-30 13:47:16 - INFO - Selected 'ACTIVE' in dropdown
2025-04-30 13:47:19 - WARNING - Failed sending keys: Message: invalid element state
  (Session info: chrome=135.0.7049.116)
Stacktrace:
	GetHandleVerifier [0x00007FF7C40AEFA5+77893]
	GetHandleVerifier [0x00007FF7C40AF000+77984]
	(No symbol) [0x00007FF7C3E78FEC]
	(No symbol) [0x00007FF7C3EC45C5]
	(No symbol) [0x00007FF7C3EF712A]
	(No symbol) [0x00007FF7C3EC19E6]
	(No symbol) [0x00007FF7C3EF7340]
	(No symbol) [0x00007FF7C3F1F07F]
	(No symbol) [0x00007FF7C3EF6F03]
	(No symbol) [0x00007FF7C3EC0328]
	(No symbol) [0x00007FF7C3EC1093]
	GetHandleVerifier [0x00007FF7C4367B6D+2931725]
	GetHandleVerifier [0x00007FF7C4362132+2908626]
	GetHandleVerifier [0x00007FF7C43800F3+3031443]
	GetHandleVerifier [0x00007FF7C40C91EA+184970]
	GetHandleVerifier [0x00007FF7C40D086F+215311]
	GetHandleVerifier [0x00007FF7C40B6EC4+110436]
	GetHandleVerifier [0x00007FF7C40B7072+110866]
	GetHandleVerifier [0x00007FF7C409D479+5401]
	BaseThreadInitThunk [0x00007FFAE57AE8D7+23]
	RtlUserThreadStart [0x00007FFAE59D14FC+44]

2025-04-30 13:47:23 - INFO - Selected 'SELLER' in dropdown
2025-04-30 13:47:27 - INFO - Selected 'EXPRESS' in dropdown
2025-04-30 13:47:33 - INFO - Selected 'FLIPKART' in dropdown
2025-04-30 13:47:41 - INFO - Selected 'GST_APPAREL' in dropdown
2025-04-30 13:47:45 - INFO - Selected 'INDIA' in dropdown
2025-04-30 13:47:47 - INFO - Submit clicked (Attempt 1)
2025-04-30 13:47:52 - INFO - Submit button disappeared after click.
2025-04-30 13:48:02 - INFO - No popup appeared
2025-04-30 13:48:02 - INFO - Processing FSN=BELH2WBGHN6VHHXU
2025-04-30 13:48:03 - INFO - FSN entered
2025-04-30 13:48:07 - INFO - Clicked Start Selling
2025-04-30 13:48:18 - INFO - Selected 'ACTIVE' in dropdown
2025-04-30 13:48:20 - WARNING - Failed sending keys: Message: invalid element state
  (Session info: chrome=135.0.7049.116)
Stacktrace:
	GetHandleVerifier [0x00007FF7C40AEFA5+77893]
	GetHandleVerifier [0x00007FF7C40AF000+77984]
	(No symbol) [0x00007FF7C3E78FEC]
	(No symbol) [0x00007FF7C3EC45C5]
	(No symbol) [0x00007FF7C3EF712A]
	(No symbol) [0x00007FF7C3EC19E6]
	(No symbol) [0x00007FF7C3EF7340]
	(No symbol) [0x00007FF7C3F1F07F]
	(No symbol) [0x00007FF7C3EF6F03]
	(No symbol) [0x00007FF7C3EC0328]
	(No symbol) [0x00007FF7C3EC1093]
	GetHandleVerifier [0x00007FF7C4367B6D+2931725]
	GetHandleVerifier [0x00007FF7C4362132+2908626]
	GetHandleVerifier [0x00007FF7C43800F3+3031443]
	GetHandleVerifier [0x00007FF7C40C91EA+184970]
	GetHandleVerifier [0x00007FF7C40D086F+215311]
	GetHandleVerifier [0x00007FF7C40B6EC4+110436]
	GetHandleVerifier [0x00007FF7C40B7072+110866]
	GetHandleVerifier [0x00007FF7C409D479+5401]
	BaseThreadInitThunk [0x00007FFAE57AE8D7+23]
	RtlUserThreadStart [0x00007FFAE59D14FC+44]

2025-04-30 13:48:24 - INFO - Selected 'SELLER' in dropdown
2025-04-30 13:48:28 - INFO - Selected 'EXPRESS' in dropdown
2025-04-30 13:48:33 - INFO - Selected 'FLIPKART' in dropdown
2025-04-30 13:48:42 - INFO - Selected 'GST_APPAREL' in dropdown
2025-04-30 13:48:46 - INFO - Selected 'INDIA' in dropdown
2025-04-30 13:48:48 - INFO - Submit clicked (Attempt 1)
2025-04-30 13:48:53 - INFO - Submit button disappeared after click.
2025-04-30 13:49:03 - INFO - No popup appeared
2025-04-30 13:49:03 - INFO - Processing FSN=BELH2WBGV3VFVSZW
2025-04-30 13:49:04 - INFO - FSN entered
2025-04-30 13:49:08 - INFO - Clicked Start Selling
2025-04-30 13:49:19 - INFO - Selected 'ACTIVE' in dropdown
2025-04-30 13:49:21 - WARNING - Failed sending keys: Message: invalid element state
  (Session info: chrome=135.0.7049.116)
Stacktrace:
	GetHandleVerifier [0x00007FF7C40AEFA5+77893]
	GetHandleVerifier [0x00007FF7C40AF000+77984]
	(No symbol) [0x00007FF7C3E78FEC]
	(No symbol) [0x00007FF7C3EC45C5]
	(No symbol) [0x00007FF7C3EF712A]
	(No symbol) [0x00007FF7C3EC19E6]
	(No symbol) [0x00007FF7C3EF7340]
	(No symbol) [0x00007FF7C3F1F07F]
	(No symbol) [0x00007FF7C3EF6F03]
	(No symbol) [0x00007FF7C3EC0328]
	(No symbol) [0x00007FF7C3EC1093]
	GetHandleVerifier [0x00007FF7C4367B6D+2931725]
	GetHandleVerifier [0x00007FF7C4362132+2908626]
	GetHandleVerifier [0x00007FF7C43800F3+3031443]
	GetHandleVerifier [0x00007FF7C40C91EA+184970]
	GetHandleVerifier [0x00007FF7C40D086F+215311]
	GetHandleVerifier [0x00007FF7C40B6EC4+110436]
	GetHandleVerifier [0x00007FF7C40B7072+110866]
	GetHandleVerifier [0x00007FF7C409D479+5401]
	BaseThreadInitThunk [0x00007FFAE57AE8D7+23]
	RtlUserThreadStart [0x00007FFAE59D14FC+44]

2025-04-30 13:49:25 - INFO - Selected 'SELLER' in dropdown
2025-04-30 13:49:29 - INFO - Selected 'EXPRESS' in dropdown
2025-04-30 13:49:34 - INFO - Selected 'FLIPKART' in dropdown
2025-04-30 13:49:43 - INFO - Selected 'GST_APPAREL' in dropdown
2025-04-30 13:49:47 - INFO - Selected 'INDIA' in dropdown
2025-04-30 13:49:49 - INFO - Submit clicked (Attempt 1)
2025-04-30 13:49:54 - INFO - Submit button disappeared after click.
2025-04-30 13:50:04 - INFO - No popup appeared
2025-04-30 13:50:04 - INFO - Processing FSN=BELH2WBGYXNVVAMY
2025-04-30 13:50:04 - INFO - FSN entered
2025-04-30 13:50:09 - INFO - Clicked Start Selling
2025-04-30 13:50:20 - INFO - Selected 'ACTIVE' in dropdown
2025-04-30 13:50:22 - WARNING - Failed sending keys: Message: invalid element state
  (Session info: chrome=135.0.7049.116)
Stacktrace:
	GetHandleVerifier [0x00007FF7C40AEFA5+77893]
	GetHandleVerifier [0x00007FF7C40AF000+77984]
	(No symbol) [0x00007FF7C3E78FEC]
	(No symbol) [0x00007FF7C3EC45C5]
	(No symbol) [0x00007FF7C3EF712A]
	(No symbol) [0x00007FF7C3EC19E6]
	(No symbol) [0x00007FF7C3EF7340]
	(No symbol) [0x00007FF7C3F1F07F]
	(No symbol) [0x00007FF7C3EF6F03]
	(No symbol) [0x00007FF7C3EC0328]
	(No symbol) [0x00007FF7C3EC1093]
	GetHandleVerifier [0x00007FF7C4367B6D+2931725]
	GetHandleVerifier [0x00007FF7C4362132+2908626]
	GetHandleVerifier [0x00007FF7C43800F3+3031443]
	GetHandleVerifier [0x00007FF7C40C91EA+184970]
	GetHandleVerifier [0x00007FF7C40D086F+215311]
	GetHandleVerifier [0x00007FF7C40B6EC4+110436]
	GetHandleVerifier [0x00007FF7C40B7072+110866]
	GetHandleVerifier [0x00007FF7C409D479+5401]
	BaseThreadInitThunk [0x00007FFAE57AE8D7+23]
	RtlUserThreadStart [0x00007FFAE59D14FC+44]

2025-04-30 13:50:26 - INFO - Selected 'SELLER' in dropdown
2025-04-30 13:50:30 - INFO - Selected 'EXPRESS' in dropdown
2025-04-30 13:50:35 - INFO - Selected 'FLIPKART' in dropdown
2025-04-30 13:50:44 - INFO - Selected 'GST_APPAREL' in dropdown
2025-04-30 13:50:48 - INFO - Selected 'INDIA' in dropdown
2025-04-30 13:50:50 - INFO - Submit clicked (Attempt 1)
2025-04-30 13:50:55 - INFO - Submit button disappeared after click.
2025-04-30 13:51:05 - INFO - No popup appeared
2025-04-30 13:51:05 - INFO - Processing FSN=BELH4XJXSUEYTFVY
2025-04-30 13:51:06 - INFO - FSN entered
2025-04-30 13:51:10 - INFO - Clicked Start Selling
2025-04-30 13:51:21 - INFO - Selected 'ACTIVE' in dropdown
2025-04-30 13:51:23 - WARNING - Failed sending keys: Message: invalid element state
  (Session info: chrome=135.0.7049.116)
Stacktrace:
	GetHandleVerifier [0x00007FF7C40AEFA5+77893]
	GetHandleVerifier [0x00007FF7C40AF000+77984]
	(No symbol) [0x00007FF7C3E78FEC]
	(No symbol) [0x00007FF7C3EC45C5]
	(No symbol) [0x00007FF7C3EF712A]
	(No symbol) [0x00007FF7C3EC19E6]
	(No symbol) [0x00007FF7C3EF7340]
	(No symbol) [0x00007FF7C3F1F07F]
	(No symbol) [0x00007FF7C3EF6F03]
	(No symbol) [0x00007FF7C3EC0328]
	(No symbol) [0x00007FF7C3EC1093]
	GetHandleVerifier [0x00007FF7C4367B6D+2931725]
	GetHandleVerifier [0x00007FF7C4362132+2908626]
	GetHandleVerifier [0x00007FF7C43800F3+3031443]
	GetHandleVerifier [0x00007FF7C40C91EA+184970]
	GetHandleVerifier [0x00007FF7C40D086F+215311]
	GetHandleVerifier [0x00007FF7C40B6EC4+110436]
	GetHandleVerifier [0x00007FF7C40B7072+110866]
	GetHandleVerifier [0x00007FF7C409D479+5401]
	BaseThreadInitThunk [0x00007FFAE57AE8D7+23]
	RtlUserThreadStart [0x00007FFAE59D14FC+44]

2025-04-30 13:51:27 - INFO - Selected 'SELLER' in dropdown
2025-04-30 13:51:31 - INFO - Selected 'EXPRESS' in dropdown
2025-04-30 13:51:36 - INFO - Selected 'FLIPKART' in dropdown
2025-04-30 13:51:45 - INFO - Selected 'GST_APPAREL' in dropdown
2025-04-30 13:51:49 - INFO - Selected 'INDIA' in dropdown
2025-04-30 13:51:51 - INFO - Submit clicked (Attempt 1)
2025-04-30 13:51:56 - INFO - Submit button disappeared after click.
2025-04-30 13:52:07 - INFO - No popup appeared
2025-04-30 13:52:07 - INFO - Processing FSN=BELH4XJXWVREGMUM
2025-04-30 13:52:07 - INFO - FSN entered
2025-04-30 13:52:11 - INFO - Clicked Start Selling
2025-04-30 13:52:22 - INFO - Selected 'ACTIVE' in dropdown
2025-04-30 13:52:24 - WARNING - Failed sending keys: Message: invalid element state
  (Session info: chrome=135.0.7049.116)
Stacktrace:
	GetHandleVerifier [0x00007FF7C40AEFA5+77893]
	GetHandleVerifier [0x00007FF7C40AF000+77984]
	(No symbol) [0x00007FF7C3E78FEC]
	(No symbol) [0x00007FF7C3EC45C5]
	(No symbol) [0x00007FF7C3EF712A]
	(No symbol) [0x00007FF7C3EC19E6]
	(No symbol) [0x00007FF7C3EF7340]
	(No symbol) [0x00007FF7C3F1F07F]
	(No symbol) [0x00007FF7C3EF6F03]
	(No symbol) [0x00007FF7C3EC0328]
	(No symbol) [0x00007FF7C3EC1093]
	GetHandleVerifier [0x00007FF7C4367B6D+2931725]
	GetHandleVerifier [0x00007FF7C4362132+2908626]
	GetHandleVerifier [0x00007FF7C43800F3+3031443]
	GetHandleVerifier [0x00007FF7C40C91EA+184970]
	GetHandleVerifier [0x00007FF7C40D086F+215311]
	GetHandleVerifier [0x00007FF7C40B6EC4+110436]
	GetHandleVerifier [0x00007FF7C40B7072+110866]
	GetHandleVerifier [0x00007FF7C409D479+5401]
	BaseThreadInitThunk [0x00007FFAE57AE8D7+23]
	RtlUserThreadStart [0x00007FFAE59D14FC+44]

2025-04-30 13:52:28 - INFO - Selected 'SELLER' in dropdown
2025-04-30 13:52:32 - INFO - Selected 'EXPRESS' in dropdown
2025-04-30 13:52:38 - INFO - Selected 'FLIPKART' in dropdown
2025-04-30 13:52:46 - INFO - Selected 'GST_APPAREL' in dropdown
2025-04-30 13:52:50 - INFO - Selected 'INDIA' in dropdown
2025-04-30 13:52:52 - INFO - Submit clicked (Attempt 1)
2025-04-30 13:52:57 - INFO - Submit button disappeared after click.
2025-04-30 13:53:08 - INFO - No popup appeared
2025-04-30 13:53:08 - INFO - Processing FSN=BELH4XJXESCRSMBY
2025-04-30 13:53:08 - INFO - FSN entered
2025-04-30 13:53:12 - INFO - Clicked Start Selling
2025-04-30 13:53:23 - INFO - Selected 'ACTIVE' in dropdown
2025-04-30 13:53:25 - WARNING - Failed sending keys: Message: invalid element state
  (Session info: chrome=135.0.7049.116)
Stacktrace:
	GetHandleVerifier [0x00007FF7C40AEFA5+77893]
	GetHandleVerifier [0x00007FF7C40AF000+77984]
	(No symbol) [0x00007FF7C3E78FEC]
	(No symbol) [0x00007FF7C3EC45C5]
	(No symbol) [0x00007FF7C3EF712A]
	(No symbol) [0x00007FF7C3EC19E6]
	(No symbol) [0x00007FF7C3EF7340]
	(No symbol) [0x00007FF7C3F1F07F]
	(No symbol) [0x00007FF7C3EF6F03]
	(No symbol) [0x00007FF7C3EC0328]
	(No symbol) [0x00007FF7C3EC1093]
	GetHandleVerifier [0x00007FF7C4367B6D+2931725]
	GetHandleVerifier [0x00007FF7C4362132+2908626]
	GetHandleVerifier [0x00007FF7C43800F3+3031443]
	GetHandleVerifier [0x00007FF7C40C91EA+184970]
	GetHandleVerifier [0x00007FF7C40D086F+215311]
	GetHandleVerifier [0x00007FF7C40B6EC4+110436]
	GetHandleVerifier [0x00007FF7C40B7072+110866]
	GetHandleVerifier [0x00007FF7C409D479+5401]
	BaseThreadInitThunk [0x00007FFAE57AE8D7+23]
	RtlUserThreadStart [0x00007FFAE59D14FC+44]

2025-04-30 13:53:29 - INFO - Selected 'SELLER' in dropdown
2025-04-30 13:53:33 - INFO - Selected 'EXPRESS' in dropdown
2025-04-30 13:53:38 - INFO - Selected 'FLIPKART' in dropdown
2025-04-30 13:53:47 - INFO - Selected 'GST_APPAREL' in dropdown
2025-04-30 13:53:51 - INFO - Selected 'INDIA' in dropdown
2025-04-30 13:53:53 - INFO - Submit clicked (Attempt 1)
2025-04-30 13:53:58 - INFO - Submit button disappeared after click.
2025-04-30 13:54:08 - INFO - No popup appeared
2025-04-30 13:54:08 - INFO - Processing FSN=BELH2WFJRBHSWHGF
2025-04-30 13:54:08 - INFO - FSN entered
2025-04-30 13:54:13 - INFO - Clicked Start Selling
2025-04-30 13:54:23 - INFO - Selected 'ACTIVE' in dropdown
2025-04-30 13:54:26 - WARNING - Failed sending keys: Message: invalid element state
  (Session info: chrome=135.0.7049.116)
Stacktrace:
	GetHandleVerifier [0x00007FF7C40AEFA5+77893]
	GetHandleVerifier [0x00007FF7C40AF000+77984]
	(No symbol) [0x00007FF7C3E78FEC]
	(No symbol) [0x00007FF7C3EC45C5]
	(No symbol) [0x00007FF7C3EF712A]
	(No symbol) [0x00007FF7C3EC19E6]
	(No symbol) [0x00007FF7C3EF7340]
	(No symbol) [0x00007FF7C3F1F07F]
	(No symbol) [0x00007FF7C3EF6F03]
	(No symbol) [0x00007FF7C3EC0328]
	(No symbol) [0x00007FF7C3EC1093]
	GetHandleVerifier [0x00007FF7C4367B6D+2931725]
	GetHandleVerifier [0x00007FF7C4362132+2908626]
	GetHandleVerifier [0x00007FF7C43800F3+3031443]
	GetHandleVerifier [0x00007FF7C40C91EA+184970]
	GetHandleVerifier [0x00007FF7C40D086F+215311]
	GetHandleVerifier [0x00007FF7C40B6EC4+110436]
	GetHandleVerifier [0x00007FF7C40B7072+110866]
	GetHandleVerifier [0x00007FF7C409D479+5401]
	BaseThreadInitThunk [0x00007FFAE57AE8D7+23]
	RtlUserThreadStart [0x00007FFAE59D14FC+44]

2025-04-30 13:54:30 - INFO - Selected 'SELLER' in dropdown
2025-04-30 13:54:33 - INFO - Selected 'EXPRESS' in dropdown
2025-04-30 13:54:39 - INFO - Selected 'FLIPKART' in dropdown
2025-04-30 13:54:48 - INFO - Selected 'GST_APPAREL' in dropdown
2025-04-30 13:54:52 - INFO - Selected 'INDIA' in dropdown
2025-04-30 13:54:54 - INFO - Submit clicked (Attempt 1)
2025-04-30 13:54:59 - INFO - Submit button disappeared after click.
2025-04-30 13:55:09 - INFO - No popup appeared
2025-04-30 13:55:09 - INFO - Processing FSN=BELH2WBGPS4AQ87H
2025-04-30 13:55:10 - INFO - FSN entered
2025-04-30 13:55:14 - INFO - Clicked Start Selling
2025-04-30 13:55:24 - INFO - Selected 'ACTIVE' in dropdown
2025-04-30 13:55:27 - WARNING - Failed sending keys: Message: invalid element state
  (Session info: chrome=135.0.7049.116)
Stacktrace:
	GetHandleVerifier [0x00007FF7C40AEFA5+77893]
	GetHandleVerifier [0x00007FF7C40AF000+77984]
	(No symbol) [0x00007FF7C3E78FEC]
	(No symbol) [0x00007FF7C3EC45C5]
	(No symbol) [0x00007FF7C3EF712A]
	(No symbol) [0x00007FF7C3EC19E6]
	(No symbol) [0x00007FF7C3EF7340]
	(No symbol) [0x00007FF7C3F1F07F]
	(No symbol) [0x00007FF7C3EF6F03]
	(No symbol) [0x00007FF7C3EC0328]
	(No symbol) [0x00007FF7C3EC1093]
	GetHandleVerifier [0x00007FF7C4367B6D+2931725]
	GetHandleVerifier [0x00007FF7C4362132+2908626]
	GetHandleVerifier [0x00007FF7C43800F3+3031443]
	GetHandleVerifier [0x00007FF7C40C91EA+184970]
	GetHandleVerifier [0x00007FF7C40D086F+215311]
	GetHandleVerifier [0x00007FF7C40B6EC4+110436]
	GetHandleVerifier [0x00007FF7C40B7072+110866]
	GetHandleVerifier [0x00007FF7C409D479+5401]
	BaseThreadInitThunk [0x00007FFAE57AE8D7+23]
	RtlUserThreadStart [0x00007FFAE59D14FC+44]

2025-04-30 13:55:31 - INFO - Selected 'SELLER' in dropdown
2025-04-30 13:55:34 - INFO - Selected 'EXPRESS' in dropdown
2025-04-30 13:55:40 - INFO - Selected 'FLIPKART' in dropdown
2025-04-30 13:55:49 - INFO - Selected 'GST_APPAREL' in dropdown
2025-04-30 13:55:53 - INFO - Selected 'INDIA' in dropdown
2025-04-30 13:55:55 - INFO - Submit clicked (Attempt 1)
2025-04-30 13:56:00 - INFO - Submit button disappeared after click.
2025-04-30 13:56:10 - INFO - No popup appeared
2025-04-30 13:56:10 - INFO - Processing FSN=BELH4XJXR9TSGGTP
2025-04-30 13:56:11 - INFO - FSN entered
2025-04-30 13:56:15 - INFO - Clicked Start Selling
2025-04-30 13:56:25 - INFO - Selected 'ACTIVE' in dropdown
2025-04-30 13:56:28 - WARNING - Failed sending keys: Message: invalid element state
  (Session info: chrome=135.0.7049.116)
Stacktrace:
	GetHandleVerifier [0x00007FF7C40AEFA5+77893]
	GetHandleVerifier [0x00007FF7C40AF000+77984]
	(No symbol) [0x00007FF7C3E78FEC]
	(No symbol) [0x00007FF7C3EC45C5]
	(No symbol) [0x00007FF7C3EF712A]
	(No symbol) [0x00007FF7C3EC19E6]
	(No symbol) [0x00007FF7C3EF7340]
	(No symbol) [0x00007FF7C3F1F07F]
	(No symbol) [0x00007FF7C3EF6F03]
	(No symbol) [0x00007FF7C3EC0328]
	(No symbol) [0x00007FF7C3EC1093]
	GetHandleVerifier [0x00007FF7C4367B6D+2931725]
	GetHandleVerifier [0x00007FF7C4362132+2908626]
	GetHandleVerifier [0x00007FF7C43800F3+3031443]
	GetHandleVerifier [0x00007FF7C40C91EA+184970]
	GetHandleVerifier [0x00007FF7C40D086F+215311]
	GetHandleVerifier [0x00007FF7C40B6EC4+110436]
	GetHandleVerifier [0x00007FF7C40B7072+110866]
	GetHandleVerifier [0x00007FF7C409D479+5401]
	BaseThreadInitThunk [0x00007FFAE57AE8D7+23]
	RtlUserThreadStart [0x00007FFAE59D14FC+44]

2025-04-30 13:56:32 - INFO - Selected 'SELLER' in dropdown
2025-04-30 13:56:36 - INFO - Selected 'EXPRESS' in dropdown
2025-04-30 13:56:41 - INFO - Selected 'FLIPKART' in dropdown
2025-04-30 13:56:50 - INFO - Selected 'GST_APPAREL' in dropdown
2025-04-30 13:56:54 - INFO - Selected 'INDIA' in dropdown
2025-04-30 13:56:56 - INFO - Submit clicked (Attempt 1)
2025-04-30 13:57:01 - WARNING - Submit button still present after attempt 1
2025-04-30 13:57:01 - INFO - Submit clicked (Attempt 2)
2025-04-30 13:57:06 - WARNING - Submit button still present after attempt 2
2025-04-30 13:57:06 - INFO - Submit clicked (Attempt 3)
2025-04-30 13:57:11 - WARNING - Submit button still present after attempt 3
2025-04-30 13:57:12 - INFO - Submit clicked (Attempt 4)
2025-04-30 13:57:17 - WARNING - Submit button still present after attempt 4
2025-04-30 13:57:17 - INFO - Submit clicked (Attempt 5)
2025-04-30 13:57:22 - WARNING - Submit button still present after attempt 5
2025-04-30 13:57:22 - ERROR - Submit failed after 5 attempts.
2025-04-30 13:57:32 - INFO - No popup appeared
2025-04-30 13:57:32 - INFO - Processing FSN=BELH2WBGCXDN9PPK
2025-04-30 13:57:32 - INFO - FSN entered
2025-04-30 13:57:37 - INFO - Clicked Start Selling
2025-04-30 13:57:47 - INFO - Selected 'ACTIVE' in dropdown
2025-04-30 13:57:50 - WARNING - Failed sending keys: Message: invalid element state
  (Session info: chrome=135.0.7049.116)
Stacktrace:
	GetHandleVerifier [0x00007FF7C40AEFA5+77893]
	GetHandleVerifier [0x00007FF7C40AF000+77984]
	(No symbol) [0x00007FF7C3E78FEC]
	(No symbol) [0x00007FF7C3EC45C5]
	(No symbol) [0x00007FF7C3EF712A]
	(No symbol) [0x00007FF7C3EC19E6]
	(No symbol) [0x00007FF7C3EF7340]
	(No symbol) [0x00007FF7C3F1F07F]
	(No symbol) [0x00007FF7C3EF6F03]
	(No symbol) [0x00007FF7C3EC0328]
	(No symbol) [0x00007FF7C3EC1093]
	GetHandleVerifier [0x00007FF7C4367B6D+2931725]
	GetHandleVerifier [0x00007FF7C4362132+2908626]
	GetHandleVerifier [0x00007FF7C43800F3+3031443]
	GetHandleVerifier [0x00007FF7C40C91EA+184970]
	GetHandleVerifier [0x00007FF7C40D086F+215311]
	GetHandleVerifier [0x00007FF7C40B6EC4+110436]
	GetHandleVerifier [0x00007FF7C40B7072+110866]
	GetHandleVerifier [0x00007FF7C409D479+5401]
	BaseThreadInitThunk [0x00007FFAE57AE8D7+23]
	RtlUserThreadStart [0x00007FFAE59D14FC+44]

2025-04-30 13:57:54 - INFO - Selected 'SELLER' in dropdown
2025-04-30 13:57:57 - INFO - Selected 'EXPRESS' in dropdown
2025-04-30 13:58:03 - INFO - Selected 'FLIPKART' in dropdown
2025-04-30 13:58:11 - INFO - Selected 'GST_APPAREL' in dropdown
2025-04-30 13:58:15 - INFO - Selected 'INDIA' in dropdown
2025-04-30 13:58:17 - INFO - Submit clicked (Attempt 1)
2025-04-30 13:58:22 - INFO - Submit button disappeared after click.
2025-04-30 13:58:33 - INFO - No popup appeared
2025-04-30 13:58:33 - INFO - Processing FSN=BELH2WFJ6V6AERTF
2025-04-30 13:58:33 - INFO - FSN entered
2025-04-30 13:58:37 - INFO - Clicked Start Selling
2025-04-30 13:58:48 - INFO - Selected 'ACTIVE' in dropdown
2025-04-30 13:58:50 - WARNING - Failed sending keys: Message: invalid element state
  (Session info: chrome=135.0.7049.116)
Stacktrace:
	GetHandleVerifier [0x00007FF7C40AEFA5+77893]
	GetHandleVerifier [0x00007FF7C40AF000+77984]
	(No symbol) [0x00007FF7C3E78FEC]
	(No symbol) [0x00007FF7C3EC45C5]
	(No symbol) [0x00007FF7C3EF712A]
	(No symbol) [0x00007FF7C3EC19E6]
	(No symbol) [0x00007FF7C3EF7340]
	(No symbol) [0x00007FF7C3F1F07F]
	(No symbol) [0x00007FF7C3EF6F03]
	(No symbol) [0x00007FF7C3EC0328]
	(No symbol) [0x00007FF7C3EC1093]
	GetHandleVerifier [0x00007FF7C4367B6D+2931725]
	GetHandleVerifier [0x00007FF7C4362132+2908626]
	GetHandleVerifier [0x00007FF7C43800F3+3031443]
	GetHandleVerifier [0x00007FF7C40C91EA+184970]
	GetHandleVerifier [0x00007FF7C40D086F+215311]
	GetHandleVerifier [0x00007FF7C40B6EC4+110436]
	GetHandleVerifier [0x00007FF7C40B7072+110866]
	GetHandleVerifier [0x00007FF7C409D479+5401]
	BaseThreadInitThunk [0x00007FFAE57AE8D7+23]
	RtlUserThreadStart [0x00007FFAE59D14FC+44]

2025-04-30 13:58:54 - INFO - Selected 'SELLER' in dropdown
2025-04-30 13:58:58 - INFO - Selected 'EXPRESS' in dropdown
2025-04-30 13:59:04 - INFO - Selected 'FLIPKART' in dropdown
2025-04-30 13:59:12 - INFO - Selected 'GST_APPAREL' in dropdown
2025-04-30 13:59:16 - INFO - Selected 'INDIA' in dropdown
2025-04-30 13:59:19 - INFO - Submit clicked (Attempt 1)
2025-04-30 13:59:24 - INFO - Submit button disappeared after click.
2025-04-30 13:59:34 - INFO - No popup appeared
2025-04-30 13:59:34 - INFO - Processing FSN=BELH4XJXHFKKXJBF
2025-04-30 13:59:34 - INFO - FSN entered
2025-04-30 13:59:38 - INFO - Clicked Start Selling
2025-04-30 13:59:49 - INFO - Selected 'ACTIVE' in dropdown
2025-04-30 13:59:52 - WARNING - Failed sending keys: Message: invalid element state
  (Session info: chrome=135.0.7049.116)
Stacktrace:
	GetHandleVerifier [0x00007FF7C40AEFA5+77893]
	GetHandleVerifier [0x00007FF7C40AF000+77984]
	(No symbol) [0x00007FF7C3E78FEC]
	(No symbol) [0x00007FF7C3EC45C5]
	(No symbol) [0x00007FF7C3EF712A]
	(No symbol) [0x00007FF7C3EC19E6]
	(No symbol) [0x00007FF7C3EF7340]
	(No symbol) [0x00007FF7C3F1F07F]
	(No symbol) [0x00007FF7C3EF6F03]
	(No symbol) [0x00007FF7C3EC0328]
	(No symbol) [0x00007FF7C3EC1093]
	GetHandleVerifier [0x00007FF7C4367B6D+2931725]
	GetHandleVerifier [0x00007FF7C4362132+2908626]
	GetHandleVerifier [0x00007FF7C43800F3+3031443]
	GetHandleVerifier [0x00007FF7C40C91EA+184970]
	GetHandleVerifier [0x00007FF7C40D086F+215311]
	GetHandleVerifier [0x00007FF7C40B6EC4+110436]
	GetHandleVerifier [0x00007FF7C40B7072+110866]
	GetHandleVerifier [0x00007FF7C409D479+5401]
	BaseThreadInitThunk [0x00007FFAE57AE8D7+23]
	RtlUserThreadStart [0x00007FFAE59D14FC+44]

2025-04-30 13:59:55 - INFO - Selected 'SELLER' in dropdown
2025-04-30 13:59:59 - INFO - Selected 'EXPRESS' in dropdown
2025-04-30 14:00:05 - INFO - Selected 'FLIPKART' in dropdown
2025-04-30 14:00:13 - INFO - Selected 'GST_APPAREL' in dropdown
2025-04-30 14:00:17 - INFO - Selected 'INDIA' in dropdown
2025-04-30 14:00:19 - INFO - Submit clicked (Attempt 1)
2025-04-30 14:00:24 - INFO - Submit button disappeared after click.
2025-04-30 14:00:35 - INFO - No popup appeared
2025-04-30 14:00:35 - INFO - Processing FSN=BELH4XJXW3WQDUGH
2025-04-30 14:00:35 - INFO - FSN entered
2025-04-30 14:00:39 - INFO - Clicked Start Selling
2025-04-30 14:00:50 - INFO - Selected 'ACTIVE' in dropdown
2025-04-30 14:00:52 - WARNING - Failed sending keys: Message: invalid element state
  (Session info: chrome=135.0.7049.116)
Stacktrace:
	GetHandleVerifier [0x00007FF7C40AEFA5+77893]
	GetHandleVerifier [0x00007FF7C40AF000+77984]
	(No symbol) [0x00007FF7C3E78FEC]
	(No symbol) [0x00007FF7C3EC45C5]
	(No symbol) [0x00007FF7C3EF712A]
	(No symbol) [0x00007FF7C3EC19E6]
	(No symbol) [0x00007FF7C3EF7340]
	(No symbol) [0x00007FF7C3F1F07F]
	(No symbol) [0x00007FF7C3EF6F03]
	(No symbol) [0x00007FF7C3EC0328]
	(No symbol) [0x00007FF7C3EC1093]
	GetHandleVerifier [0x00007FF7C4367B6D+2931725]
	GetHandleVerifier [0x00007FF7C4362132+2908626]
	GetHandleVerifier [0x00007FF7C43800F3+3031443]
	GetHandleVerifier [0x00007FF7C40C91EA+184970]
	GetHandleVerifier [0x00007FF7C40D086F+215311]
	GetHandleVerifier [0x00007FF7C40B6EC4+110436]
	GetHandleVerifier [0x00007FF7C40B7072+110866]
	GetHandleVerifier [0x00007FF7C409D479+5401]
	BaseThreadInitThunk [0x00007FFAE57AE8D7+23]
	RtlUserThreadStart [0x00007FFAE59D14FC+44]

2025-04-30 14:00:56 - INFO - Selected 'SELLER' in dropdown
2025-04-30 14:01:00 - INFO - Selected 'EXPRESS' in dropdown
2025-04-30 14:01:06 - INFO - Selected 'FLIPKART' in dropdown
2025-04-30 14:01:14 - INFO - Selected 'GST_APPAREL' in dropdown
2025-04-30 14:01:18 - INFO - Selected 'INDIA' in dropdown
2025-04-30 14:01:21 - INFO - Submit clicked (Attempt 1)
2025-04-30 14:01:26 - INFO - Submit button disappeared after click.
2025-04-30 14:01:36 - INFO - No popup appeared
2025-04-30 14:01:36 - INFO - Processing FSN=BELH2WFJFSSMAM3Z
2025-04-30 14:01:36 - INFO - FSN entered
2025-04-30 14:01:41 - INFO - Clicked Start Selling
2025-04-30 14:01:51 - INFO - Selected 'ACTIVE' in dropdown
2025-04-30 14:01:54 - WARNING - Failed sending keys: Message: invalid element state
  (Session info: chrome=135.0.7049.116)
Stacktrace:
	GetHandleVerifier [0x00007FF7C40AEFA5+77893]
	GetHandleVerifier [0x00007FF7C40AF000+77984]
	(No symbol) [0x00007FF7C3E78FEC]
	(No symbol) [0x00007FF7C3EC45C5]
	(No symbol) [0x00007FF7C3EF712A]
	(No symbol) [0x00007FF7C3EC19E6]
	(No symbol) [0x00007FF7C3EF7340]
	(No symbol) [0x00007FF7C3F1F07F]
	(No symbol) [0x00007FF7C3EF6F03]
	(No symbol) [0x00007FF7C3EC0328]
	(No symbol) [0x00007FF7C3EC1093]
	GetHandleVerifier [0x00007FF7C4367B6D+2931725]
	GetHandleVerifier [0x00007FF7C4362132+2908626]
	GetHandleVerifier [0x00007FF7C43800F3+3031443]
	GetHandleVerifier [0x00007FF7C40C91EA+184970]
	GetHandleVerifier [0x00007FF7C40D086F+215311]
	GetHandleVerifier [0x00007FF7C40B6EC4+110436]
	GetHandleVerifier [0x00007FF7C40B7072+110866]
	GetHandleVerifier [0x00007FF7C409D479+5401]
	BaseThreadInitThunk [0x00007FFAE57AE8D7+23]
	RtlUserThreadStart [0x00007FFAE59D14FC+44]

2025-04-30 14:01:57 - INFO - Selected 'SELLER' in dropdown
2025-04-30 14:02:01 - INFO - Selected 'EXPRESS' in dropdown
2025-04-30 14:02:07 - INFO - Selected 'FLIPKART' in dropdown
2025-04-30 14:02:16 - INFO - Selected 'GST_APPAREL' in dropdown
2025-04-30 14:02:20 - INFO - Selected 'INDIA' in dropdown
2025-04-30 14:02:22 - INFO - Submit clicked (Attempt 1)
2025-04-30 14:02:27 - INFO - Submit button disappeared after click.
2025-04-30 14:02:37 - INFO - No popup appeared
2025-04-30 14:02:37 - INFO - Processing FSN=BELH2WFJUZ5RXFCN
2025-04-30 14:02:38 - INFO - FSN entered
2025-04-30 14:02:42 - INFO - Clicked Start Selling
2025-04-30 14:02:53 - INFO - Selected 'ACTIVE' in dropdown
2025-04-30 14:02:55 - WARNING - Failed sending keys: Message: invalid element state
  (Session info: chrome=135.0.7049.116)
Stacktrace:
	GetHandleVerifier [0x00007FF7C40AEFA5+77893]
	GetHandleVerifier [0x00007FF7C40AF000+77984]
	(No symbol) [0x00007FF7C3E78FEC]
	(No symbol) [0x00007FF7C3EC45C5]
	(No symbol) [0x00007FF7C3EF712A]
	(No symbol) [0x00007FF7C3EC19E6]
	(No symbol) [0x00007FF7C3EF7340]
	(No symbol) [0x00007FF7C3F1F07F]
	(No symbol) [0x00007FF7C3EF6F03]
	(No symbol) [0x00007FF7C3EC0328]
	(No symbol) [0x00007FF7C3EC1093]
	GetHandleVerifier [0x00007FF7C4367B6D+2931725]
	GetHandleVerifier [0x00007FF7C4362132+2908626]
	GetHandleVerifier [0x00007FF7C43800F3+3031443]
	GetHandleVerifier [0x00007FF7C40C91EA+184970]
	GetHandleVerifier [0x00007FF7C40D086F+215311]
	GetHandleVerifier [0x00007FF7C40B6EC4+110436]
	GetHandleVerifier [0x00007FF7C40B7072+110866]
	GetHandleVerifier [0x00007FF7C409D479+5401]
	BaseThreadInitThunk [0x00007FFAE57AE8D7+23]
	RtlUserThreadStart [0x00007FFAE59D14FC+44]

2025-04-30 14:02:59 - INFO - Selected 'SELLER' in dropdown
2025-04-30 14:03:03 - INFO - Selected 'EXPRESS' in dropdown
2025-04-30 14:03:08 - INFO - Selected 'FLIPKART' in dropdown
2025-04-30 14:03:17 - INFO - Selected 'GST_APPAREL' in dropdown
2025-04-30 14:03:21 - INFO - Selected 'INDIA' in dropdown
2025-04-30 14:03:23 - INFO - Submit clicked (Attempt 1)
2025-04-30 14:03:28 - INFO - Submit button disappeared after click.
2025-04-30 14:03:39 - INFO - No popup appeared
2025-04-30 14:03:39 - INFO - Processing FSN=BELH4XJX56YXC2G3
2025-04-30 14:03:39 - INFO - FSN entered
2025-04-30 14:03:43 - INFO - Clicked Start Selling
2025-04-30 14:03:54 - INFO - Selected 'ACTIVE' in dropdown
2025-04-30 14:03:56 - WARNING - Failed sending keys: Message: invalid element state
  (Session info: chrome=135.0.7049.116)
Stacktrace:
	GetHandleVerifier [0x00007FF7C40AEFA5+77893]
	GetHandleVerifier [0x00007FF7C40AF000+77984]
	(No symbol) [0x00007FF7C3E78FEC]
	(No symbol) [0x00007FF7C3EC45C5]
	(No symbol) [0x00007FF7C3EF712A]
	(No symbol) [0x00007FF7C3EC19E6]
	(No symbol) [0x00007FF7C3EF7340]
	(No symbol) [0x00007FF7C3F1F07F]
	(No symbol) [0x00007FF7C3EF6F03]
	(No symbol) [0x00007FF7C3EC0328]
	(No symbol) [0x00007FF7C3EC1093]
	GetHandleVerifier [0x00007FF7C4367B6D+2931725]
	GetHandleVerifier [0x00007FF7C4362132+2908626]
	GetHandleVerifier [0x00007FF7C43800F3+3031443]
	GetHandleVerifier [0x00007FF7C40C91EA+184970]
	GetHandleVerifier [0x00007FF7C40D086F+215311]
	GetHandleVerifier [0x00007FF7C40B6EC4+110436]
	GetHandleVerifier [0x00007FF7C40B7072+110866]
	GetHandleVerifier [0x00007FF7C409D479+5401]
	BaseThreadInitThunk [0x00007FFAE57AE8D7+23]
	RtlUserThreadStart [0x00007FFAE59D14FC+44]

2025-04-30 14:04:00 - INFO - Selected 'SELLER' in dropdown
2025-04-30 14:04:04 - INFO - Selected 'EXPRESS' in dropdown
2025-04-30 14:04:09 - INFO - Selected 'FLIPKART' in dropdown
2025-04-30 14:04:18 - INFO - Selected 'GST_APPAREL' in dropdown
2025-04-30 14:04:22 - INFO - Selected 'INDIA' in dropdown
2025-04-30 14:04:24 - INFO - Submit clicked (Attempt 1)
2025-04-30 14:04:29 - INFO - Submit button disappeared after click.
2025-04-30 14:04:39 - INFO - No popup appeared
2025-04-30 14:04:39 - INFO - Processing FSN=BELH4XJXAR2QAKFV
2025-04-30 14:04:39 - INFO - FSN entered
2025-04-30 14:04:44 - INFO - Clicked Start Selling
2025-04-30 14:04:54 - INFO - Selected 'ACTIVE' in dropdown
2025-04-30 14:04:57 - WARNING - Failed sending keys: Message: invalid element state
  (Session info: chrome=135.0.7049.116)
Stacktrace:
	GetHandleVerifier [0x00007FF7C40AEFA5+77893]
	GetHandleVerifier [0x00007FF7C40AF000+77984]
	(No symbol) [0x00007FF7C3E78FEC]
	(No symbol) [0x00007FF7C3EC45C5]
	(No symbol) [0x00007FF7C3EF712A]
	(No symbol) [0x00007FF7C3EC19E6]
	(No symbol) [0x00007FF7C3EF7340]
	(No symbol) [0x00007FF7C3F1F07F]
	(No symbol) [0x00007FF7C3EF6F03]
	(No symbol) [0x00007FF7C3EC0328]
	(No symbol) [0x00007FF7C3EC1093]
	GetHandleVerifier [0x00007FF7C4367B6D+2931725]
	GetHandleVerifier [0x00007FF7C4362132+2908626]
	GetHandleVerifier [0x00007FF7C43800F3+3031443]
	GetHandleVerifier [0x00007FF7C40C91EA+184970]
	GetHandleVerifier [0x00007FF7C40D086F+215311]
	GetHandleVerifier [0x00007FF7C40B6EC4+110436]
	GetHandleVerifier [0x00007FF7C40B7072+110866]
	GetHandleVerifier [0x00007FF7C409D479+5401]
	BaseThreadInitThunk [0x00007FFAE57AE8D7+23]
	RtlUserThreadStart [0x00007FFAE59D14FC+44]

2025-04-30 14:05:01 - INFO - Selected 'SELLER' in dropdown
2025-04-30 14:05:05 - INFO - Selected 'EXPRESS' in dropdown
2025-04-30 14:05:10 - INFO - Selected 'FLIPKART' in dropdown
2025-04-30 14:05:19 - INFO - Selected 'GST_APPAREL' in dropdown
2025-04-30 14:05:23 - INFO - Selected 'INDIA' in dropdown
2025-04-30 14:05:25 - INFO - Submit clicked (Attempt 1)
2025-04-30 14:05:30 - INFO - Submit button disappeared after click.
2025-04-30 14:05:40 - INFO - No popup appeared
2025-04-30 14:05:40 - INFO - Processing FSN=BELH4XJXRYW4SESY
2025-04-30 14:05:40 - INFO - FSN entered
2025-04-30 14:05:44 - INFO - Clicked Start Selling
2025-04-30 14:05:55 - INFO - Selected 'ACTIVE' in dropdown
2025-04-30 14:05:58 - WARNING - Failed sending keys: Message: invalid element state
  (Session info: chrome=135.0.7049.116)
Stacktrace:
	GetHandleVerifier [0x00007FF7C40AEFA5+77893]
	GetHandleVerifier [0x00007FF7C40AF000+77984]
	(No symbol) [0x00007FF7C3E78FEC]
	(No symbol) [0x00007FF7C3EC45C5]
	(No symbol) [0x00007FF7C3EF712A]
	(No symbol) [0x00007FF7C3EC19E6]
	(No symbol) [0x00007FF7C3EF7340]
	(No symbol) [0x00007FF7C3F1F07F]
	(No symbol) [0x00007FF7C3EF6F03]
	(No symbol) [0x00007FF7C3EC0328]
	(No symbol) [0x00007FF7C3EC1093]
	GetHandleVerifier [0x00007FF7C4367B6D+2931725]
	GetHandleVerifier [0x00007FF7C4362132+2908626]
	GetHandleVerifier [0x00007FF7C43800F3+3031443]
	GetHandleVerifier [0x00007FF7C40C91EA+184970]
	GetHandleVerifier [0x00007FF7C40D086F+215311]
	GetHandleVerifier [0x00007FF7C40B6EC4+110436]
	GetHandleVerifier [0x00007FF7C40B7072+110866]
	GetHandleVerifier [0x00007FF7C409D479+5401]
	BaseThreadInitThunk [0x00007FFAE57AE8D7+23]
	RtlUserThreadStart [0x00007FFAE59D14FC+44]

2025-04-30 14:06:01 - INFO - Selected 'SELLER' in dropdown
2025-04-30 14:06:05 - INFO - Selected 'EXPRESS' in dropdown
2025-04-30 14:06:11 - INFO - Selected 'FLIPKART' in dropdown
2025-04-30 14:06:19 - INFO - Selected 'GST_APPAREL' in dropdown
2025-04-30 14:06:23 - INFO - Selected 'INDIA' in dropdown
2025-04-30 14:06:25 - INFO - Submit clicked (Attempt 1)
2025-04-30 14:06:30 - INFO - Submit button disappeared after click.
2025-04-30 14:06:41 - INFO - No popup appeared
2025-04-30 14:06:41 - INFO - Processing FSN=BELH4XJXMAY9UVAQ
2025-04-30 14:06:41 - INFO - FSN entered
2025-04-30 14:06:45 - INFO - Clicked Start Selling
2025-04-30 14:06:55 - INFO - Selected 'ACTIVE' in dropdown
2025-04-30 14:06:58 - WARNING - Failed sending keys: Message: invalid element state
  (Session info: chrome=135.0.7049.116)
Stacktrace:
	GetHandleVerifier [0x00007FF7C40AEFA5+77893]
	GetHandleVerifier [0x00007FF7C40AF000+77984]
	(No symbol) [0x00007FF7C3E78FEC]
	(No symbol) [0x00007FF7C3EC45C5]
	(No symbol) [0x00007FF7C3EF712A]
	(No symbol) [0x00007FF7C3EC19E6]
	(No symbol) [0x00007FF7C3EF7340]
	(No symbol) [0x00007FF7C3F1F07F]
	(No symbol) [0x00007FF7C3EF6F03]
	(No symbol) [0x00007FF7C3EC0328]
	(No symbol) [0x00007FF7C3EC1093]
	GetHandleVerifier [0x00007FF7C4367B6D+2931725]
	GetHandleVerifier [0x00007FF7C4362132+2908626]
	GetHandleVerifier [0x00007FF7C43800F3+3031443]
	GetHandleVerifier [0x00007FF7C40C91EA+184970]
	GetHandleVerifier [0x00007FF7C40D086F+215311]
	GetHandleVerifier [0x00007FF7C40B6EC4+110436]
	GetHandleVerifier [0x00007FF7C40B7072+110866]
	GetHandleVerifier [0x00007FF7C409D479+5401]
	BaseThreadInitThunk [0x00007FFAE57AE8D7+23]
	RtlUserThreadStart [0x00007FFAE59D14FC+44]

2025-04-30 14:07:01 - INFO - Selected 'SELLER' in dropdown
2025-04-30 14:07:05 - INFO - Selected 'EXPRESS' in dropdown
2025-04-30 14:07:11 - INFO - Selected 'FLIPKART' in dropdown
2025-04-30 14:07:19 - INFO - Selected 'GST_APPAREL' in dropdown
2025-04-30 14:07:22 - INFO - Selected 'INDIA' in dropdown
2025-04-30 14:07:24 - INFO - Submit clicked (Attempt 1)
2025-04-30 14:07:29 - INFO - Submit button disappeared after click.
2025-04-30 14:07:40 - INFO - No popup appeared
2025-04-30 14:07:40 - INFO - \u2705 All done! Report saved at: reports\latching_20250430_132816.csv
